Energy_supply;Energy_supply;Energy_supply;Energy_supply;Energy_supply;Energy_supply;Energy_supply;Energy_supply;Energy_supply
Coal, peat and oil shale;Crude, NGL and feedstocks;Electricity;Heat;Natural gas;Nuclear;Oil products;Renewables and waste;Total
1511;1557;13;0;98;0;-104;4735;7809
1507;1687;8;0;118;0;-91;4869;8099
1591;2002;8;0;144;0;-284;4979;8440
1667;1998;2;0;160;0;-201;5117;8743
1734;2130;1;0;176;0;-201;5265;9104
1825;2185;2;0;187;0;-91;5385;9494
1837;2306;5;0;223;0;-12;5521;9879
1933;2450;18;0;304;0;-17;5642;10331
2029;2568;27;0;463;0;-133;5788;10741
2164;3154;34;0;493;0;-447;5939;11337
2426;3169;9;0;583;0;-544;6117;11761
2745;3666;6;0;665;0;-729;6277;12630
2817;3533;17;0;757;0;-573;6422;12972
3025;3839;1;0;749;43;-759;6607;13505
3053;4085;2;0;843;58;-877;6794;13958
3210;4154;-2;0;973;96;-966;7001;14466
3373;4411;2;0;998;67;-1073;7187;14964
3417;4539;-2;0;1058;114;-1208;7402;15321
3219;4491;-3;0;1161;121;-1146;7626;15468
3107;4791;-6;0;1237;92;-1222;8104;16104
3271;4789;-7;0;1317;100;-1224;8322;16569
3038;4893;3;0;1376;101;-1174;8517;16755
3366;4865;-10;0;1491;79;-1268;8726;17249
3451;4877;-2;0;1503;106;-1360;9030;17604
3582;5119;-1;0;1565;123;-1407;9318;18299
3628;5352;61;0;1597;128;-1449;9558;18875
3706;5626;65;0;1678;138;-1621;9749;19341
3676;5352;50;0;1724;148;-1090;10013;19874
3764;5490;48;0;1898;140;-1271;10285;20354
3779;5297;48;1;1976;142;-1069;10359;20533
3804;5716;12;1;2195;117;-1408;10671;21108
3686;5720;6;2;2349;131;-1405;10948;21436
3996;5594;5;2;2617;138;-1072;11232;22511
4295;5571;5;2;2720;146;-695;11673;23717
4222;5833;5;2;3128;123;-744;11981;24549
4296;5573;13;0;3285;109;-305;12298;25269
4414;5665;16;0;3527;123;-77;12545;26214
4764;5757;17;0;3599;142;215;12874;27368
4657;5732;19;1;3583;140;717;13203;28052
4541;5712;14;8;3746;132;1087;13521;28762
4479;5458;21;4;4056;147;1740;13994;29900
4442;5121;30;4;4269;130;1828;14590;30415
4370;5138;34;4;4250;154;2091;14947;30989
4703;5684;36;4;4326;150;2428;15244;32576
4414;5022;21;3;4631;133;2594;15525;32346
4560;5116;27;4;4967;164;2744;15862;33444
4656;4919;27;4;5276;155;2788;16168;33994
4779;5079;24;5;5554;126;2550;16512;34630
4972;5206;2;5;5664;145;3072;16816;35882
4574;..;..;..;5592;..;..;..;..
884;1051;0;0;75;0;-40;191;2161
923;1029;0;0;108;0;-28;194;2226
946;1204;0;0;142;0;-91;189;2389
928;1208;0;0;162;0;-32;202;2467
998;1239;0;0;175;0;-93;208;2528
996;1267;0;0;188;0;-73;210;2589
1082;1343;0;0;237;0;-88;203;2776
998;1388;0;0;256;0;-64;204;2783
1034;1390;0;0;291;0;-73;204;2846
1144;1325;0;0;313;0;-66;199;2914
1155;1276;0;0;366;0;-75;212;2934
1196;1325;0;0;403;0;-80;217;3062
1170;1259;0;0;422;0;-129;210;2931
1226;1271;0;0;441;0;-116;206;3027
1261;1214;0;0;471;0;-110;216;3052
1237;1245;0;0;514;0;-102;204;3098
1332;1260;0;0;530;0;-81;203;3244
1347;1314;0;0;549;0;-111;209;3309
1464;1353;0;0;565;0;-81;216;3518
1461;1385;0;0;619;0;-78;220;3606
1519;1361;0;0;580;0;-121;225;3564
1542;1411;0;0;600;0;-129;206;3630
1573;1508;0;0;625;0;-125;238;3818
1554;1483;0;0;653;0;-100;233;3822
1570;1477;0;0;701;0;-114;239;3873
1703;1588;0;0;704;0;-115;263;4143
1856;1554;0;0;709;0;-153;275;4241
1973;1560;0;0;738;0;-186;266;4351
2014;1522;0;0;769;0;-128;270;4446
2016;1531;0;0;807;0;-102;274;4526
2019;1412;0;0;850;0;-131;277;4427
2035;1508;0;0;898;0;-147;289;4583
2016;1581;0;0;857;0;-100;284;4637
2089;1420;0;0;860;0;68;280;4717
2137;1422;0;0;794;0;123;275;4751
2165;1348;0;0;958;0;185;283;4938
2173;1381;0;0;1065;0;162;292;5073
2156;1343;0;0;1155;0;310;300;5265
2205;1277;0;0;1177;0;375;237;5272
2113;1336;0;0;1146;0;406;284;5285
2014;1439;0;0;1201;0;368;294;5316
1969;1368;0;0;1150;0;477;293;5258
1831;1319;0;0;1293;0;565;325;5333
1737;1255;0;0;1378;0;602;336;5307
1797;1082;0;0;1387;0;695;339;5300
1863;939;0;0;1281;0;858;351;5291
1872;890;0;0;1310;0;907;376;5354
1798;925;0;0;1363;0;921;383;5389
1744;910;0;0;1435;0;902;398;5390
1649;829;0;0;1605;0;932;468;5482
171;326;-9;0;119;0;95;87;788
161;352;-5;0;129;0;106;87;830
162;393;-6;0;138;0;114;98;899
171;371;-11;0;150;0;79;109;869
150;351;-16;0;150;0;94;114;842
163;398;-8;0;171;0;83;102;908
138;372;-14;0;174;0;99;119;886
138;418;-10;0;181;0;65;123;916
152;461;-14;0;181;0;69;143;992
153;453;-14;0;174;0;52;151;969
158;390;-16;0;163;0;61;164;918
150;342;-16;0;157;0;93;171;898
161;307;-13;0;160;0;114;171;900
183;325;-5;0;178;0;79;175;935
183;350;-6;0;191;0;60;189;967
163;353;-5;0;185;0;72;202;970
162;356;-20;0;193;0;91;226;1007
155;355;-10;0;184;0;67;267;1018
156;360;-8;0;197;0;54;243;1001
172;384;-2;0;219;0;50;219;1042
180;403;3;0;232;0;63;229;1109
140;412;2;0;228;0;43;241;1066
126;410;-3;0;240;0;54;250;1078
128;415;-3;0;247;0;44;244;1075
146;391;-9;0;270;0;69;256;1123
146;407;3;0;287;0;93;257;1193
154;436;-3;0;277;0;61;258;1185
136;424;-1;0;284;0;102;259;1205
133;406;-7;0;289;0;93;288;1202
151;377;-5;0;276;0;113;286;1198
156;404;1;0;292;0;121;291;1266
159;405;3;0;291;0;132;286;1276
170;389;20;0;314;0;184;269;1345
167;377;11;0;322;0;200;290;1367
168;387;9;0;339;0;190;314;1407
169;384;23;0;317;0;188;339;1421
162;380;22;0;299;0;167;363;1393
160;391;18;0;316;0;140;378;1403
120;366;3;0;309;0;136;400;1334
142;339;9;0;340;0;178;416;1423
146;363;30;0;321;0;120;400;1380
136;365;10;0;307;0;108;450;1376
139;370;26;0;296;0;117;446;1393
128;370;33;0;271;0;101;439;1342
136;376;36;0;289;0;99;438;1373
126;363;26;0;303;0;119;451;1389
130;354;24;0;326;0;130;451;1414
115;384;32;0;308;0;105;432;1376
117;402;11;0;321;0;100;446;1398
99;345;8;0;306;0;102;455;1316
425;1293;-2;0;197;0;-254;0;1661
445;1560;-2;0;249;0;-434;1;1819
468;1595;-3;0;299;1;-436;1;1926
521;1293;-1;0;350;2;-277;2;1889
394;1251;-3;0;346;74;-292;1;1772
424;1248;-12;0;366;109;-237;1;1900
407;1562;-5;0;360;130;-568;3;1889
439;1445;-10;0;357;137;-382;4;1988
476;1448;-4;0;390;124;-386;4;2052
477;1432;-9;0;373;137;-455;3;1958
464;1250;1;0;344;140;-381;4;1823
448;1065;1;0;287;171;-239;4;1737
411;986;-1;0;298;263;-248;6;1715
459;991;1;0;308;303;-278;6;1789
434;869;0;0;309;377;-151;8;1847
388;1118;-1;0;278;430;-309;10;1913
395;1138;-8;0;306;458;-346;10;1954
406;1104;-8;0;302;470;-307;10;1978
432;1140;-9;0;336;450;-370;18;1997
442;1131;-13;0;342;466;-396;33;2005
421;1269;-7;0;366;468;-455;34;2095
385;1244;0;0;379;474;-397;36;2121
356;1198;8;0;394;457;-378;33;2068
376;1203;14;0;405;443;-279;33;2196
363;1117;15;0;444;451;-196;39;2233
346;1343;15;0;495;473;-359;38;2351
334;1387;12;0;472;517;-402;38;2359
338;1450;5;0;522;504;-459;41;2401
296;1353;3;0;558;535;-387;44;2402
336;1432;16;0;560;525;-483;45;2431
311;1400;33;0;552;506;-438;52;2414
269;1415;27;0;560;517;-503;50;2335
252;1514;23;0;603;517;-532;60;2437
246;1469;28;0;610;516;-488;64;2445
217;1361;23;3;617;519;-378;69;2432
207;1357;37;3;631;509;-423;82;2402
185;1387;24;3;627;526;-489;93;2355
191;1400;38;3;621;497;-430;107;2427
131;1260;-7;1;631;515;-328;125;2328
159;1307;2;8;701;523;-339;153;2513
147;1208;9;6;603;526;-315;154;2339
135;1269;36;8;602;440;-418;170;2243
151;1175;35;10;606;465;-282;177;2337
142;1369;63;10;529;368;-449;171;2203
142;1343;76;9;584;285;-424;182;2197
134;1310;22;11;596;475;-413;192;2327
130;1394;22;11;609;461;-507;197;2317
131;1351;62;10;629;312;-465;201;2231
130;1411;-7;10;636;475;-564;206;2298
102;1098;-2;7;634;376;-330;226;2111
..;..;..;..;..;..;..;..;..
..;..;..;..;..;..;..;..;..
..;..;..;..;..;..;..;..;..
..;..;..;..;..;..;..;..;..
..;..;..;..;..;..;..;..;..
..;..;..;..;..;..;..;..;..
..;..;..;..;..;..;..;..;..
..;..;..;..;..;..;..;..;..
..;..;..;..;..;..;..;..;..
..;..;..;..;..;..;..;..;..
..;..;..;..;..;..;..;..;..
..;..;..;..;..;..;..;..;..
..;..;..;..;..;..;..;..;..
..;..;..;..;..;..;..;..;..
..;..;..;..;..;..;..;..;..
..;..;..;..;..;..;..;..;..
..;..;..;..;..;..;..;..;..
..;..;..;..;..;..;..;..;..
..;..;..;..;..;..;..;..;..
405;2568;96;0;143;24;-101;2745;5880
463;2520;97;0;140;16;-7;2762;5991
448;2589;86;0;151;19;6;2755;6054
461;2616;99;0;165;5;68;2792;6206
473;2681;114;0;171;1;159;2934;6533
497;2698;127;0;183;27;316;2908;6757
512;2939;132;0;205;26;353;2949;7116
515;3099;146;0;228;35;402;3055;7479
503;3345;142;0;239;36;309;3086;7660
511;3447;144;3;269;43;267;3157;7841
545;3504;160;3;350;66;192;3058;7878
536;3627;136;4;442;156;126;2991;8020
519;3576;132;3;548;151;73;3235;8237
539;3567;134;4;564;146;-86;3506;8374
564;3772;135;4;695;127;-181;3728;8844
544;3784;141;7;740;108;-134;3880;9068
537;3830;148;6;774;150;-112;4051;9385
569;3921;140;16;786;135;-38;4388;9915
575;3966;152;5;938;152;47;4638;10472
460;3988;144;5;752;141;10;4621;10121
606;4011;125;3;1018;158;379;4901;11201
647;4082;129;5;1012;171;462;4831;11339
640;4248;145;2;1204;175;559;4812;11787
690;4536;145;3;1419;169;497;4874;12332
734;4682;122;3;1565;168;515;4931;12719
740;4432;124;3;1557;161;391;5053;12461
667;4099;147;3;1320;173;472;5123;12005
703;3936;131;4;1399;172;692;5202;12239
687;3843;126;4;1319;171;494;5421;12066
648;3843;90;4;1333;176;548;5613;12255
588;3966;89;2;1258;153;169;5755;11980
665;2862;-13;0;1305;47;149;904;5918
689;3151;-31;0;1467;79;59;972;6385
639;3452;-51;0;1561;170;-128;1028;6672
622;3610;-47;0;1547;169;-214;1082;6771
671;3681;-27;0;1597;145;-108;989;6948
703;3677;-33;0;1614;198;-27;1031;7161
736;3854;-62;0;1682;292;-181;1060;7382
753;3861;-70;0;1707;357;-158;1137;7587
829;4121;-107;0;1828;409;-290;1177;7967
861;3975;-98;0;1908;435;-269;1224;8037
905;3733;-122;0;1813;467;-208;1263;7851
950;3210;-113;0;1842;462;-37;1230;7544
1016;3055;-130;0;1822;567;-105;1290;7516
1119;3147;-141;0;1954;606;-149;1364;7901
1083;3030;-145;0;2089;684;-108;1448;8081
1001;3098;-122;0;2009;806;-61;1489;8220
1074;3295;-158;0;2042;870;-143;1513;8493
1153;3323;-100;0;2245;917;-173;1481;8846
1158;3450;-34;0;2352;893;-133;1409;9095
1016;3467;-1;0;2292;812;-263;1524;8846
1059;3301;-66;0;2320;947;-301;1564;8824
1100;3281;-90;0;2444;892;-191;1597;9032
1007;3460;-99;0;2594;1032;-288;1626;9332
1038;3499;-158;0;2722;1180;-330;1712;9663
1061;3525;-130;0;2810;1070;-294;1750;9793
1086;3659;-136;0;2949;1015;-379;1793;9987
1156;3817;-129;0;2971;902;-401;1775;10091
1233;3897;-98;0;2852;780;-361;1738;10041
1231;3934;-104;0;2979;802;-338;1816;10319
1327;4048;-128;0;3109;794;-401;1871;10620
1307;4159;-83;0;3009;837;-502;1741;10468
1257;4134;-72;0;3071;824;-569;1855;10499
1243;4336;-24;0;3338;817;-456;1799;11052
1198;4541;-39;0;3267;986;-481;1857;11329
1259;4305;-85;0;3398;1004;-327;1916;11471
1266;4541;-66;0;3327;1069;-353;1862;11646
1271;4658;-111;0;3312;1020;-448;1932;11634
1152;4415;-116;0;3213;1047;-302;1935;11344
919;4355;-122;0;3220;983;-346;1896;10906
967;4357;-92;0;3169;989;-326;1853;10918
872;4223;-133;0;3450;1021;-227;1957;11163
816;4594;-169;0;3504;1035;-513;1985;11251
806;4549;-187;0;3669;1128;-570;2084;11478
855;4681;-164;0;3713;1170;-557;2083;11781
774;4843;-214;0;3577;1111;-463;2091;11718
733;4499;-230;0;4336;1106;-353;2071;12162
754;4830;-224;0;4659;1105;-586;2126;12664
598;4770;-174;0;4889;1099;-433;2094;12844
580;4710;-169;0;4894;1104;-401;2077;12795
442;4441;-207;0;4702;1071;-499;2088;12039
55;209;0;0;27;0;-2;76;364
47;224;0;0;26;0;-5;77;370
50;215;0;0;22;0;-7;76;356
48;224;0;0;23;0;-23;81;353
38;180;0;0;25;0;-6;82;320
39;197;0;0;27;0;-10;86;338
41;200;0;0;28;0;-8;90;351
42;209;0;0;26;0;-10;96;363
46;225;0;0;30;0;-15;98;384
51;219;0;0;30;0;-6;103;397
51;212;0;0;30;0;5;105;403
34;157;0;0;31;0;37;110;370
42;170;0;0;33;0;17;121;382
55;172;0;0;33;0;15;128;402
52;171;0;0;34;0;11;133;401
55;186;0;0;31;0;8;140;419
54;195;0;0;30;0;6;147;433
75;218;0;0;40;0;6;150;490
99;257;0;0;60;0;-10;144;549
105;275;0;0;48;0;-4;163;587
83;281;0;0;40;0;4;192;600
74;291;0;0;48;0;17;218;649
75;310;0;0;45;0;23;212;665
89;333;0;0;48;0;28;216;715
98;352;0;0;48;0;40;230;768
134;371;0;0;49;0;61;235;851
173;386;0;0;83;0;69;241;953
165;424;0;0;118;0;38;241;986
171;428;0;0;165;0;44;239;1048
129;426;4;0;218;0;13;264;1054
100;434;5;0;247;0;-25;273;1034
101;426;7;0;247;0;9;280;1071
100;463;7;0;270;0;-26;268;1082
113;478;7;0;294;0;-19;279;1152
113;456;8;0;285;0;28;298;1188
139;498;8;0;262;0;16;313;1236
136;478;6;0;160;0;200;302;1282
184;468;4;0;88;0;214;311;1270
148;454;5;0;117;0;189;323;1236
187;388;3;0;187;0;240;286;1292
227;418;3;0;191;0;244;326;1407
258;398;0;0;179;0;255;466;1558
271;418;0;1;170;0;246;507;1612
257;400;0;2;152;0;245;400;1456
275;375;0;0;167;0;265;405;1487
297;373;0;0;182;0;302;429;1583
307;385;0;0;182;0;284;447;1605
298;397;0;0;183;0;288;471;1636
344;431;0;0;220;0;262;474;1732
256;349;0;0;224;0;291;474;1593
73;332;0;0;47;0;-81;209;580
76;360;0;0;57;0;-98;185;581
77;362;0;0;59;0;-85;171;584
93;371;0;0;62;0;-79;171;618
92;351;0;0;54;0;-63;213;646
104;357;0;0;55;0;-59;215;672
108;356;0;0;62;0;-54;221;692
76;341;0;0;82;0;-45;234;689
74;290;0;0;94;0;-28;242;673
75;332;0;0;100;0;-15;250;741
77;351;0;0;110;0;-35;248;751
80;370;0;0;117;0;-51;257;772
85;415;0;0;129;0;-88;257;797
87;437;0;0;131;0;-100;269;824
84;431;0;0;133;0;-93;281;836
123;470;0;0;130;0;-105;293;911
128;521;0;0;137;0;-148;304;942
125;516;1;0;132;0;-119;315;971
130;526;1;0;134;0;-138;326;978
129;545;1;0;141;0;-131;330;1014
134;573;1;0;140;0;-148;325;1025
149;555;1;0;143;0;-105;305;1048
155;566;1;0;140;0;-94;324;1093
149;584;1;0;145;0;-90;349;1138
150;601;1;0;152;0;-99;351;1156
129;665;1;0;164;0;-132;356;1182
128;661;1;0;204;0;-121;277;1149
138;658;0;0;234;0;-107;273;1196
100;659;0;0;205;0;-174;285;1074
110;664;0;0;228;0;-185;259;1077
120;686;-1;0;243;0;-223;252;1076
106;641;-2;0;242;0;-197;267;1056
114;680;-4;0;232;0;-229;284;1078
94;687;-6;0;244;0;-213;279;1086
113;666;-6;0;256;0;-174;280;1135
103;697;-6;0;257;0;-160;306;1197
100;704;-3;0;254;0;-177;312;1190
118;717;-5;0;272;0;-176;324;1251
130;698;-4;0;315;0;-146;307;1299
135;623;-3;0;345;0;-144;321;1277
147;624;-6;0;317;0;-119;346;1309
120;568;-3;0;332;0;-100;349;1267
197;544;-5;0;409;0;75;437;1657
199;440;-3;0;430;0;179;434;1679
212;459;-1;0;423;0;180;426;1698
215;647;1;0;401;0;76;422;1762
162;694;0;0;411;0;-26;447;1689
146;737;0;0;429;0;-109;423;1627
201;753;1;0;501;0;-30;419;1844
204;744;4;0;352;0;-104;401;1601
1561;251;-1;0;36;0;48;4;1900
1543;274;-7;0;39;0;53;5;1906
1490;302;-8;0;43;0;60;4;1891
1318;318;-3;0;52;0;62;7;1754
1358;318;-6;0;60;0;92;7;1829
1404;341;-8;0;66;0;74;5;1881
1486;379;-13;0;75;0;77;7;2011
1364;392;-13;0;84;0;65;7;1899
1465;408;-7;0;94;0;59;8;2027
1400;397;-5;0;108;0;57;9;1966
1394;406;-6;0;109;0;59;7;1970
1441;384;-8;0;115;0;62;6;2001
1454;378;-10;0;135;2;43;6;2008
1467;374;-8;0;144;14;56;5;2051
1430;379;-2;0;177;26;47;6;2062
1419;384;-7;0;187;67;39;7;2095
1405;390;-5;0;204;117;37;9;2156
1384;384;-10;0;205;129;15;8;2114
1298;378;-10;0;211;135;36;6;2055
1317;322;-2;0;220;137;43;48;2085
1205;274;-9;0;212;132;30;48;1894
1081;286;-11;0;243;134;41;71;1844
1029;267;-8;0;248;138;43;70;1786
958;283;-2;0;242;142;34;68;1725
950;295;2;0;274;133;33;61;1748
945;319;0;0;316;140;21;61;1802
970;303;-4;0;321;136;23;67;1816
889;294;-9;0;322;144;48;69;1758
770;261;-12;0;323;146;79;73;1640
906;254;-36;0;314;148;69;71;1727
887;265;-34;0;336;161;80;78;1771
870;270;-41;0;325;204;80;86;1794
881;283;-58;0;328;282;75;82;1872
878;295;-57;0;326;288;95;91;1916
847;340;-45;0;323;271;65;95;1895
879;341;-45;0;318;285;59;99;1937
894;324;-58;0;303;287;79;105;1934
826;356;-41;1;300;291;50;113;1896
737;318;-49;1;285;298;66;127;1783
784;340;-54;0;338;306;35;139;1889
769;309;-61;0;285;309;57;153;1821
727;315;-62;0;287;332;46;164;1808
718;288;-61;0;291;336;58;179;1810
670;323;-59;0;259;332;46;185;1756
687;311;-45;0;271;294;49;191;1758
693;234;-40;0;294;264;99;193;1738
662;340;-47;0;301;310;50;197;1814
660;327;-50;1;286;327;67;198;1816
598;338;-47;1;300;331;58;212;1790
510;260;-37;0;305;329;96;219;1681
61;451;-7;0;0;0;257;14;775
54;433;-8;0;0;0;312;15;806
81;416;-1;0;0;0;284;15;795
70;403;0;0;0;0;250;15;737
86;345;3;0;0;0;281;16;732
119;334;3;0;0;0;324;17;795
136;333;2;0;0;0;328;17;816
144;343;13;0;0;0;314;18;832
181;382;11;0;0;0;265;22;861
246;288;-4;0;0;0;244;27;801
210;258;20;0;1;0;204;32;725
243;253;7;0;1;0;193;35;733
220;293;15;0;2;0;126;36;692
238;310;18;0;7;0;107;38;718
306;291;2;0;29;0;142;39;808
307;331;0;0;48;0;91;43;820
303;328;9;0;62;0;70;48;820
285;335;15;0;67;0;31;49;782
229;359;34;0;71;0;-10;49;734
255;340;25;0;76;0;-20;50;727
346;350;-7;0;86;0;-24;55;806
287;365;13;0;91;0;-42;58;771
300;366;4;0;103;0;-42;61;792
321;378;-17;0;115;0;-37;61;820
272;438;-3;0;133;0;-93;65;812
373;492;-55;0;156;0;-115;69;919
280;407;-26;0;165;0;-48;74;852
237;369;-16;0;179;0;-9;77;838
194;382;-8;0;188;0;-34;81;803
167;391;2;0;186;0;-55;89;780
176;381;-2;0;194;0;-40;96;805
175;364;-7;0;194;0;-32;103;796
237;357;-31;0;195;0;-34;117;842
183;344;-10;0;194;0;-25;128;814
155;329;5;0;184;0;-19;136;791
229;340;-25;0;190;0;-24;138;849
195;329;-3;0;170;0;-14;152;829
168;316;5;0;171;0;-6;155;808
168;325;1;0;163;0;-42;156;770
159;307;-4;0;185;0;-13;181;816
135;280;5;0;155;0;-7;185;754
103;317;19;0;146;0;-53;191;723
133;302;4;0;139;0;-51;197;724
106;285;10;0;117;0;-44;206;681
76;305;21;0;121;0;-61;221;682
84;282;18;0;122;0;-35;227;698
64;306;16;0;116;0;-53;250;700
65;298;19;0;113;0;-45;247;697
37;320;21;1;107;0;-73;258;670
30;304;22;1;87;0;-71;270;643
..;..;..;..;..;..;..;..;..
..;..;..;..;..;..;..;..;..
..;..;..;..;..;..;..;..;..
..;..;..;..;..;..;..;..;..
..;..;..;..;..;..;..;..;..
..;..;..;..;..;..;..;..;..
..;..;..;..;..;..;..;..;..
..;..;..;..;..;..;..;..;..
..;..;..;..;..;..;..;..;..
..;..;..;..;..;..;..;..;..
..;..;..;..;..;..;..;..;..
..;..;..;..;..;..;..;..;..
..;..;..;..;..;..;..;..;..
..;..;..;..;..;..;..;..;..
..;..;..;..;..;..;..;..;..
..;..;..;..;..;..;..;..;..
..;..;..;..;..;..;..;..;..
..;..;..;..;..;..;..;..;..
..;..;..;..;..;..;..;..;..
249;0;-25;0;51;0;120;8;403
227;-2;-17;0;51;0;106;8;373
194;-3;-12;0;30;0;55;9;274
155;-3;-6;0;15;0;58;9;228
151;-4;-4;0;21;0;53;15;232
146;-6;-3;0;24;0;41;21;224
152;-7;-3;0;27;0;46;25;240
150;-8;-4;0;26;0;44;25;233
129;-4;-1;0;25;0;47;21;217
119;-2;-2;0;24;0;42;22;202
124;-5;-3;0;28;0;32;21;197
122;-5;-2;0;30;0;39;23;206
119;-6;-2;0;25;0;39;23;197
139;-6;-7;0;28;0;39;24;218
139;-8;-6;0;32;0;40;25;222
134;-9;-6;0;33;0;41;25;218
127;-10;-3;0;34;0;42;22;213
156;-14;-9;0;34;0;46;25;238
144;-11;-3;0;32;0;41;27;230
128;-15;0;0;22;0;39;30;204
164;-15;-12;0;24;0;39;36;236
170;-17;-13;0;21;0;39;35;236
159;-18;-8;0;23;0;40;36;231
185;-21;-13;0;23;0;41;40;255
178;-24;-10;0;18;0;41;39;242
163;-30;-3;0;16;0;42;41;229
179;-25;-7;0;18;0;43;44;251
178;-36;-10;0;17;0;43;47;239
194;-42;-7;0;17;0;45;50;258
145;-44;8;0;16;0;44;51;219
108;-48;13;0;15;0;39;85;211
87;371;9;0;0;0;86;208;761
97;397;15;0;0;0;101;203;814
107;385;16;0;0;0;170;203;881
109;390;11;0;16;0;127;207;861
100;375;14;0;26;0;132;177;825
133;457;14;0;31;0;80;167;882
131;484;3;0;31;29;45;173;896
183;459;5;0;34;36;41;171;928
178;500;2;0;34;74;20;182;990
207;536;4;0;32;77;-8;182;1030
128;465;8;0;25;160;6;199;992
137;396;8;0;24;183;34;190;971
144;428;17;0;23;193;-31;206;981
164;403;19;0;27;206;-30;216;1004
208;418;17;0;34;208;-3;200;1082
189;383;21;0;41;208;86;202;1129
221;448;20;0;55;214;57;216;1231
213;381;27;0;59;213;51;213;1158
208;358;32;0;78;208;87;225;1196
223;387;38;0;91;210;9;230;1188
231;416;26;0;97;213;0;223;1206
205;390;30;0;100;210;-24;226;1136
230;366;27;0;104;217;9;237;1192
286;388;24;0;115;212;5;243;1272
253;383;30;0;119;210;-41;257;1211
305;430;13;0;124;212;-47;265;1302
287;428;28;0;122;228;-32;290;1351
229;507;34;0;140;238;-94;311;1364
219;486;40;0;140;251;-86;310;1359
214;496;43;3;144;245;-116;327;1356
261;469;36;3;156;248;-98;317;1391
278;528;43;3;155;243;-117;330;1464
347;522;17;3;171;248;-98;333;1544
316;533;18;4;166;248;-91;368;1560
206;473;61;4;151;254;-52;343;1440
307;526;41;4;163;250;-91;368;1567
302;527;45;3;156;256;-113;367;1543
225;501;46;6;162;250;-95;386;1480
222;501;44;4;146;257;-116;341;1398
288;476;38;4;161;249;-80;395;1530
250;503;50;4;141;253;-116;387;1472
191;503;63;5;126;251;-142;424;1420
215;501;57;6;120;258;-179;422;1398
188;514;65;6;105;257;-147;440;1428
173;443;59;7;94;254;-118;449;1359
181;519;68;8;86;253;-163;456;1408
173;540;74;8;81;245;-203;483;1400
177;544;72;7;91;249;-209;494;1425
146;540;72;7;89;260;-219;499;1395
118;493;54;7;88;254;-194;492;1312
1404;4581;-5;0;408;102;-423;572;6639
1233;5050;-21;0;482;159;-471;577;7009
1227;5652;-10;0;565;161;-636;584;7542
1236;5361;0;0;590;160;-623;575;7300
1114;4589;9;0;658;199;-266;603;6907
1262;5123;8;0;707;172;-444;545;7373
1270;4981;19;0;738;196;-620;651;7236
1261;4993;16;0;788;333;-309;634;7715
1358;5367;21;0;873;436;-655;639;8038
1377;4825;12;0;906;668;-373;615;8029
1219;4115;-17;0;921;1149;-157;612;7842
1252;3523;-13;0;885;1188;204;614;7652
1117;3326;-48;0;942;1574;292;649;7852
1079;3287;-88;0;961;2086;166;643;8134
1053;3317;-83;0;1029;2445;91;681;8534
865;3162;-91;0;1035;2773;250;673;8666
826;3008;-106;0;1047;2897;485;725;8882
808;3239;-132;0;1042;3006;165;717;8844
872;3241;-151;0;1019;3316;286;624;9208
840;3283;-164;0;1090;3426;236;661;9372
889;3397;-190;0;1194;3615;257;744;9906
786;3298;-194;0;1192;3692;189;772;9736
620;3404;-221;0;1219;4017;119;740;9897
617;3323;-227;0;1163;3927;-29;748;9522
666;3409;-251;0;1238;4115;-3;743;9918
688;3584;-248;0;1369;4335;0;753;10479
606;3723;-235;0;1312;4314;-270;709;10159
715;3792;-207;0;1399;4233;-180;703;10454
642;3450;-227;0;1426;4301;116;728;10437
623;3571;-250;0;1497;4529;-129;698;10540
523;3669;-246;0;1572;4594;54;735;10900
562;3418;-277;0;1569;4765;219;671;10927
596;3669;-239;0;1646;4812;28;692;11204
575;3705;-223;0;1681;4890;32;706;11366
593;3665;-217;0;1718;4926;29;703;11416
547;3567;-228;0;1659;4911;88;687;11231
565;3534;-205;0;1611;4797;61;743;11108
534;3618;-173;0;1670;4794;-119;833;11158
465;3134;-93;0;1610;4470;245;843;10675
501;2804;-111;0;1784;4675;420;932;11006
472;2835;-203;0;1549;4826;497;820;10796
524;2481;-160;0;1600;4641;751;953;10789
555;2434;-174;0;1625;4622;719;1054;10835
412;2402;-242;0;1365;4762;727;990;10416
390;2534;-231;0;1467;4772;626;1013;10572
381;2474;-149;0;1603;4398;580;1084;10371
415;2490;-144;0;1612;4346;584;1062;10364
382;2328;-227;1;1542;4505;640;1141;10313
306;2119;-208;1;1572;4353;858;1150;10152
228;1455;-161;1;1464;3860;1127;1147;9120
5935;5139;25;0;704;68;746;155;12772
5765;5341;46;0;924;104;896;161;13235
5836;5666;42;0;1200;132;979;160;14013
5789;5290;25;0;1516;158;766;204;13749
5271;4679;30;0;1616;263;1066;201;13127
5562;5224;5;0;1708;322;1138;193;14151
5359;5230;23;0;1805;450;1114;208;14190
5464;5118;14;0;1970;479;1403;213;14661
5779;5581;7;0;2152;568;1023;216;15326
5904;5223;26;0;2144;607;800;251;14955
6002;4546;34;0;2047;716;834;264;14443
5877;4300;28;0;1902;814;764;279;13965
5870;3951;42;0;1973;854;1002;269;13961
6054;3941;15;0;2059;1141;1005;284;14500
6077;3830;9;0;2042;1516;1200;281;14955
5876;3847;22;0;2092;1427;1422;245;14932
5795;3768;27;0;2277;1551;1386;242;15045
5731;4076;7;0;2225;1716;1132;260;15146
5689;3904;3;0;2307;1769;970;245;14887
5384;3969;3;0;2302;1668;1115;264;14705
4802;3953;-2;0;2417;1606;1384;255;14416
4373;4323;-19;0;2378;1733;1086;273;14147
4113;4426;3;0;2499;1673;1016;280;14010
4009;4652;8;0;2562;1645;772;295;13943
3836;4438;17;0;2818;1671;998;310;14089
3801;4492;-19;0;3151;1746;1071;325;14567
3638;4369;-8;0;3012;1859;1199;368;14438
3551;4663;-2;0;3045;1763;928;402;14350
3380;4583;4;0;3014;1855;794;395;14025
3551;4606;11;0;3008;1850;620;447;14093
3621;4586;13;0;3165;1869;764;498;14515
3522;4603;36;0;3164;1798;529;538;14190
3548;4695;-12;0;3177;1801;319;628;14156
3581;4843;-9;0;3190;1823;124;723;14274
3429;4993;-16;0;3257;1779;-104;854;14191
3605;4856;-61;0;3320;1825;26;1039;14609
3605;4766;-60;0;3203;1533;-389;1200;13859
3358;4665;-72;0;3231;1620;-38;1270;14033
3017;4342;-44;0;3045;1472;-12;1285;13105
3305;4092;-54;0;3178;1533;291;1451;13797
3270;3999;-14;0;2914;1178;237;1496;13080
3356;4069;-74;0;2923;1085;152;1666;13178
3418;3999;-116;0;3061;1061;320;1716;13459
3333;3935;-122;0;2653;1060;293;1714;12865
3325;4026;-174;0;2728;1001;213;1812;12931
3234;4057;-182;0;2945;923;190;1816;12982
2990;4015;-189;0;3154;833;296;1924;13023
2915;3789;-175;0;3079;829;315;1957;12709
2255;3767;-118;0;3166;819;405;2029;12323
1811;3636;-68;0;3119;702;318;2074;11593
68;230;0;0;0;0;37;28;364
78;287;0;0;0;0;29;28;422
88;539;0;0;0;0;-159;27;495
97;477;0;0;0;0;-130;27;471
116;496;0;0;0;0;-146;26;492
137;461;0;0;0;0;-91;26;533
142;446;0;0;0;0;-41;26;573
128;496;0;0;0;0;-51;30;602
145;660;1;0;0;0;-199;32;639
137;600;2;0;0;0;-142;31;627
152;669;1;0;0;0;-240;31;613
165;635;3;0;3;0;-207;32;630
205;591;7;0;3;0;-174;27;659
221;533;9;0;3;0;-111;29;685
254;503;3;0;3;0;-57;29;735
260;663;5;0;4;0;-264;30;698
283;676;2;0;5;0;-248;31;750
310;650;1;0;6;0;-197;29;800
334;660;1;0;6;0;-145;28;884
338;663;3;0;6;0;-158;46;898
325;604;2;0;6;0;-83;51;905
342;648;2;0;5;0;-121;50;927
342;563;3;0;4;0;-46;51;916
355;658;1;0;2;0;-127;53;941
351;704;3;0;2;0;-166;56;950
333;790;5;0;2;0;-209;59;980
358;775;8;0;7;0;-188;59;1020
374;798;6;0;30;0;-192;59;1074
358;721;1;0;51;0;-117;63;1078
378;853;0;0;71;0;-230;64;1136
390;835;9;0;70;0;-189;59;1175
376;834;10;0;75;0;-170;63;1188
373;854;8;0;85;0;-165;69;1223
381;826;10;0;93;0;-134;70;1246
375;837;14;0;99;0;-128;72;1269
353;889;15;0;115;0;-182;78;1268
370;895;16;0;141;0;-229;74;1266
348;845;20;0;147;0;-159;74;1275
353;823;16;0;124;0;-162;81;1235
329;865;21;0;135;0;-285;93;1158
330;758;12;0;166;0;-237;93;1122
341;931;6;0;153;0;-423;106;1114
292;981;7;0;135;0;-549;113;979
280;1071;32;0;104;0;-621;106;971
235;1096;35;0;112;0;-627;122;973
183;1163;32;0;146;0;-688;116;952
202;1224;22;0;176;0;-767;110;967
191;1256;23;0;172;0;-822;119;939
134;1150;36;0;188;0;-703;120;924
71;1104;32;0;206;0;-723;127;818
329;280;16;0;136;0;13;23;797
323;302;16;0;147;0;7;23;819
331;332;17;0;175;0;9;27;891
318;361;17;0;186;0;14;26;922
306;404;15;0;207;0;8;20;959
316;415;15;0;248;0;9;23;1026
318;427;16;0;267;0;34;22;1083
362;451;16;0;293;0;54;20;1196
356;454;22;0;309;0;18;23;1182
353;418;27;0;334;0;34;22;1187
348;410;29;0;341;0;28;24;1180
356;384;31;0;357;0;27;23;1179
341;369;33;0;355;27;13;23;1161
341;384;37;0;362;41;11;29;1205
336;376;39;0;370;71;28;26;1246
326;385;38;0;392;81;-4;23;1241
327;372;38;0;389;120;17;23;1286
308;402;41;0;385;147;-31;20;1271
293;380;40;0;392;152;-15;21;1262
261;351;40;0;373;150;-1;32;1205
250;330;26;0;370;150;-13;34;1148
221;323;12;0;325;152;-16;34;1052
204;333;9;0;350;151;-6;35;1076
198;305;7;0;354;153;-11;36;1042
193;335;9;0;384;153;-30;37;1083
199;306;8;0;429;155;-23;37;1111
191;314;8;0;406;153;-19;36;1089
179;320;3;0;409;153;-25;36;1076
174;313;4;0;415;155;-29;37;1068
161;310;12;0;404;155;-32;36;1047
152;310;11;0;448;155;-42;38;1072
152;281;15;0;453;153;-20;38;1072
157;294;25;0;498;121;-39;39;1094
141;292;27;0;490;131;-31;41;1092
127;322;22;0;506;152;-28;73;1174
129;325;26;0;480;147;-17;74;1164
131;328;14;0;448;161;-23;82;1141
128;319;14;0;442;162;-26;86;1125
107;292;20;0;383;169;-11;110;1070
114;291;19;0;411;172;-17;120;1110
113;301;24;0;392;172;-41;125;1086
108;284;29;0;351;173;-38;127;1034
94;273;43;0;323;168;-36;135;1000
92;302;48;0;292;171;-34;126;998
99;300;49;0;314;173;-14;134;1055
92;299;46;0;336;176;-16;135;1068
94;295;46;0;358;176;12;134;1115
89;314;52;0;346;172;12;128;1113
77;303;45;0;354;178;27;130;1116
69;297;42;0;366;176;7;135;1092
34215;68937;27;0;27428;1131;2092;6723;140553
33788;73349;22;0;28880;1550;3129;7013;147729
35306;79535;23;0;29557;2060;2284;7121;155886
35206;77015;27;0;29845;2650;1760;7556;154058
34288;75522;15;0;28653;3666;1164;7493;150801
36668;80694;20;0;29827;4210;1459;7609;160486
36794;84303;19;0;29648;5237;625;7781;164406
37332;84747;19;0;30683;6143;2222;8314;169460
39331;86947;38;0;32355;6304;-121;8729;173583
40377;80852;57;0;32550;6792;45;8854;169527
40876;74820;55;0;31837;7998;721;8999;165306
40503;70948;48;0;30412;8594;1552;9316;161373
41113;69257;64;0;29912;9670;1766;9823;161604
42234;70741;76;0;31513;11571;1642;10295;168072
44299;69359;76;0;31816;13767;2129;10390;171836
43326;72406;76;0;30969;15057;1018;10562;173413
44728;72629;90;0;32559;16175;1970;10909;179061
45572;75159;110;0;33413;17493;1751;10974;184469
45554;76473;94;0;34841;18096;1508;11109;187675
44877;77947;59;1;35209;18838;-395;11433;187968
44121;78676;48;1;36901;19833;-1225;11785;190139
43027;81095;16;14;37478;20096;-1810;12162;192078
42540;83103;15;14;38930;20829;-2781;12351;195002
42529;84668;9;14;39818;21542;-2652;12305;198233
42494;84994;20;14;41829;22371;-2209;12807;202321
43572;87245;31;14;43590;22969;-2269;13178;208330
44206;90020;31;12;44001;22678;-3873;13190;210265
43738;90485;38;16;44264;23291;-4141;13229;210920
43461;89112;25;16;46393;24096;-1745;13353;214711
45611;90183;8;19;48435;24486;-2787;13644;219599
45403;89949;46;20;47697;24813;-2022;12941;218847
45910;89016;68;20;48948;24833;-1465;13200;220532
46634;91128;47;17;49682;24259;-1820;13709;223657
47795;93087;54;19;49862;25298;-2415;14236;227937
47585;92775;56;21;50477;25595;-2090;14854;229271
48114;92725;51;22;50835;25702;-3190;15395;229653
48630;92127;1;22;52991;24797;-4078;15961;230451
47300;90392;39;26;53502;24817;-5476;16661;227262
42765;85792;51;22;52138;24402;-4962;16941;217149
45139;86139;59;31;54823;24908;-4905;18229;224424
44174;85865;22;28;54808;22704;-6313;18735;220023
42228;86366;-14;31;56034;21235;-7365;19741;218256
42516;85084;51;34;56890;21355;-7023;20807;219715
41772;85866;44;36;56036;21538;-8623;21166;217835
39120;88206;35;44;57036;21444;-9867;21634;217652
37090;87520;36;46;59126;21387;-9498;22213;217919
36483;89109;-47;45;59811;21268;-10286;23048;219433
35324;88652;27;45;62298;21533;-10293;23859;221444
31432;87337;-9;46;64342;21601;-10034;24547;219263
27172;77485;-49;42;63259;20233;-7850;25047;205338
..;..;..;..;..;..;..;..;..
..;..;..;..;..;..;..;..;..
..;..;..;..;..;..;..;..;..
..;..;..;..;..;..;..;..;..
..;..;..;..;..;..;..;..;..
..;..;..;..;..;..;..;..;..
..;..;..;..;..;..;..;..;..
..;..;..;..;..;..;..;..;..
..;..;..;..;..;..;..;..;..
..;..;..;..;..;..;..;..;..
..;..;..;..;..;..;..;..;..
..;..;..;..;..;..;..;..;..
..;..;..;..;..;..;..;..;..
..;..;..;..;..;..;..;..;..
..;..;..;..;..;..;..;..;..
..;..;..;..;..;..;..;..;..
..;..;..;..;..;..;..;..;..
..;..;..;..;..;..;..;..;..
..;..;..;..;..;..;..;..;..
74880;94154;120;4;37653;19210;-2029;31383;255375
73432;95402;111;4;39603;20196;-3050;32023;257723
73038;98481;105;18;40241;20453;-3398;32561;261498
74679;101585;121;16;41797;21126;-4206;32970;268089
76719;103615;120;16;42924;21958;-3944;33399;274807
79607;104662;115;17;45202;22880;-2694;34103;283892
81749;108522;181;18;47134;23534;-2964;34688;292861
81714;112603;188;16;47976;23251;-4347;34925;296325
81531;113202;185;20;48360;23909;-4658;35044;297593
81859;113010;186;24;50782;24697;-2315;35318;303561
84969;116003;199;28;53100;25155;-4267;35657;310843
86456;116101;165;28;52827;25615;-3680;34876;312387
89576;115901;176;31;54506;25757;-2933;35400;318413
96877;119883;137;29;55598;25381;-3514;36092;330482
105415;124607;146;30;56337;26474;-4064;37071;346015
112171;124921;173;35;57524;26708;-4482;38006;355055
119136;126467;190;35;58399;26862;-5704;39114;364499
125962;126853;126;46;61138;26027;-6215;40042;373980
127439;126560;157;39;62367;26130;-8009;41290;375973
129028;124063;164;36;61830;25772;-8310;41637;374221
139378;126386;189;43;66145;26291;-7789;43645;394287
145838;127115;168;43;66769;24316;-9054;44060;399255
146900;129705;144;43;68617;22961;-10185;45819;404005
149299;129776;217;48;70592;23268;-9801;47764;411163
151471;131828;182;52;70447;23696;-11214;49039;415500
146651;135654;176;57;71796;24010;-12094;50060;416311
141507;136654;210;59;74329;24464;-12157;51820;416884
143380;139735;128;61;76216;24719;-12558;54038;425718
145810;141133;191;60;80096;25454;-13124;56196;435816
145170;141299;85;61;83279;26229;-12768;58273;441628
140942;..;..;..;82425;..;..;..;..
0;0;0;0;0;0;20;18;38
0;0;0;0;0;0;19;19;39
0;0;0;0;0;0;24;23;47
0;0;0;0;0;0;24;22;46
0;0;0;0;0;0;22;24;46
0;0;0;0;0;0;21;26;47
0;0;0;0;0;0;24;28;52
0;0;0;0;0;0;24;30;53
1;0;0;0;0;0;26;35;62
1;0;0;0;0;0;24;38;63
1;0;0;0;0;0;22;46;69
1;0;0;0;0;0;19;49;69
2;0;0;0;0;0;19;51;72
3;0;0;0;0;0;21;52;76
3;0;0;0;0;0;19;52;74
3;0;0;0;0;0;21;53;77
2;0;0;0;0;0;23;55;81
2;0;0;0;0;0;22;57;82
3;0;0;0;0;0;23;59;85
3;0;0;0;0;0;25;68;95
3;0;0;0;0;0;21;63;87
2;0;0;0;0;0;23;60;85
2;0;0;0;0;0;25;64;91
3;0;0;0;0;0;25;65;92
2;0;0;0;0;0;25;65;92
3;0;0;0;0;0;28;69;100
2;0;0;0;0;0;27;68;97
3;0;0;0;0;0;26;75;104
2;0;0;0;0;0;26;88;117
4;0;0;0;0;0;25;101;131
4;0;0;0;0;0;25;97;126
4;0;0;0;0;0;26;100;130
4;0;0;0;0;0;26;100;130
4;0;0;0;0;0;27;98;129
4;0;0;0;0;0;27;100;131
4;0;0;0;0;0;28;130;162
4;0;0;0;0;0;27;161;192
4;0;0;0;0;0;25;189;217
4;0;0;0;0;0;24;198;226
4;0;0;0;0;0;22;201;227
4;0;0;0;0;0;21;218;243
4;0;0;0;0;0;21;212;237
4;0;0;0;0;0;22;221;247
4;0;0;0;0;0;23;219;246
4;0;0;0;0;0;23;207;234
4;0;0;0;0;0;24;193;221
4;0;0;0;0;0;23;206;233
5;0;0;0;0;0;24;227;256
4;0;0;0;0;0;23;224;252
4;0;0;0;0;0;21;223;248
..;..;..;..;..;..;..;..;..
..;..;..;..;..;..;..;..;..
..;..;..;..;..;..;..;..;..
..;..;..;..;..;..;..;..;..
..;..;..;..;..;..;..;..;..
..;..;..;..;..;..;..;..;..
..;..;..;..;..;..;..;..;..
..;..;..;..;..;..;..;..;..
..;..;..;..;..;..;..;..;..
..;..;..;..;..;..;..;..;..
..;..;..;..;..;..;..;..;..
..;..;..;..;..;..;..;..;..
..;..;..;..;..;..;..;..;..
..;..;..;..;..;..;..;..;..
..;..;..;..;..;..;..;..;..
..;..;..;..;..;..;..;..;..
..;..;..;..;..;..;..;..;..
..;..;..;..;..;..;..;..;..
..;..;..;..;..;..;..;..;..
3881;2365;5;0;443;67;194;4779;11732
4206;2421;5;0;501;60;215;4862;12271
4414;2515;4;0;559;73;263;4894;12722
4630;2592;5;0;566;59;273;4974;13100
4883;2665;5;0;601;62;378;5122;13715
5162;2813;5;0;726;87;622;5133;14549
5367;3001;6;0;739;99;635;5243;15090
5593;3077;4;0;851;110;766;5342;15743
5523;3264;4;0;891;130;897;5431;16140
5946;4032;5;0;963;145;504;5492;17087
6110;4730;5;0;966;184;-41;5543;17496
6239;4917;5;0;972;212;-209;5621;17756
6454;5114;5;0;1054;212;-215;5637;18260
6587;5487;6;0;1083;194;-417;5749;18689
7329;5764;6;0;1188;186;-619;5907;19761
7713;5831;6;0;1332;189;-605;6098;20564
8222;6418;10;0;1400;205;-857;6295;21694
8944;6861;18;0;1493;185;-983;6484;23002
9778;7314;21;0;1507;163;-1065;6550;24268
10904;8464;19;0;2079;203;-1796;6646;26518
11682;8806;20;0;2278;287;-2021;6883;27935
12357;9169;18;0;2302;352;-2210;7062;29051
13668;9756;17;0;2048;359;-2338;7155;30665
14442;9869;14;0;1860;373;-2485;7451;31524
16082;9905;2;0;1841;394;-2189;7622;33657
15781;10404;0;0;1889;408;-1761;7764;34485
15544;10865;-4;0;2009;414;-1791;8139;35176
16496;11127;-6;0;2136;418;-1792;8577;36956
17460;11346;-14;0;2194;413;-1494;8899;38804
17495;11256;-13;0;2323;507;-1397;9099;39270
16531;..;..;..;2265;..;..;..;..
..;..;..;..;..;..;..;..;..
..;..;..;..;..;..;..;..;..
..;..;..;..;..;..;..;..;..
..;..;..;..;..;..;..;..;..
..;..;..;..;..;..;..;..;..
..;..;..;..;..;..;..;..;..
..;..;..;..;..;..;..;..;..
..;..;..;..;..;..;..;..;..
..;..;..;..;..;..;..;..;..
..;..;..;..;..;..;..;..;..
..;..;..;..;..;..;..;..;..
..;..;..;..;..;..;..;..;..
..;..;..;..;..;..;..;..;..
..;..;..;..;..;..;..;..;..
..;..;..;..;..;..;..;..;..
..;..;..;..;..;..;..;..;..
..;..;..;..;..;..;..;..;..
..;..;..;..;..;..;..;..;..
..;..;..;..;..;..;..;..;..
149;1769;0;0;662;0;-373;1924;4131
137;1785;0;0;791;0;-338;1958;4333
159;1854;0;0;833;0;-331;2001;4517
266;2005;0;0;866;0;-207;2030;4961
241;1906;0;0;981;0;-273;2113;4968
265;2139;0;0;1061;0;-145;2159;5479
369;2234;0;0;1102;0;-213;2186;5678
293;2126;0;0;1184;0;38;2228;5869
290;2159;0;0;1126;0;-92;2258;5741
373;2118;0;0;1186;0;64;2272;6013
503;2269;0;0;1112;0;153;2480;6518
602;2205;0;0;1156;0;138;2566;6666
642;2182;0;0;1228;0;275;2580;6908
647;2126;0;0;1302;0;258;2590;6922
855;2189;0;0;1188;0;525;2617;7374
926;2105;0;0;1226;0;624;2607;7488
1109;2222;0;0;1231;0;447;2649;7658
1189;2000;0;0;1168;0;583;2687;7627
1080;2042;0;0;1248;0;607;2783;7760
1278;2230;0;0;1440;0;498;2746;8192
1333;2189;0;0;1625;0;632;2664;8444
1751;2013;0;0;1493;0;770;2560;8586
1568;2062;0;0;1466;0;970;2481;8547
1195;2093;0;0;1529;0;1006;2436;8259
1512;2127;0;0;1533;0;1000;2434;8605
1662;2091;0;0;1585;0;892;2331;8561
1813;2170;2;0;1637;0;770;2388;8780
2025;2222;4;0;1622;0;901;2487;9261
2328;2272;5;0;1630;0;980;2485;9699
2879;2316;6;0;1642;0;839;2410;10092
3405;..;6;0;1493;0;..;2810;..
86;125;0;0;0;0;68;2;281
80;118;0;0;0;0;79;2;279
66;120;0;0;0;0;100;2;289
77;117;0;0;0;0;101;3;298
70;110;0;0;0;0;97;2;278
73;83;0;0;0;0;128;2;286
78;98;0;0;0;0;124;3;303
65;96;0;0;0;0;140;3;304
84;99;0;0;19;0;153;3;358
80;87;0;0;31;0;144;3;345
85;31;0;0;47;0;179;3;346
90;21;0;0;69;0;162;3;344
98;51;0;0;74;0;118;3;343
94;53;0;0;79;0;119;2;347
108;56;0;0;83;0;111;3;361
120;66;0;0;57;0;125;3;371
154;65;0;0;57;0;109;2;387
156;60;0;0;68;0;96;3;383
159;64;0;0;77;0;88;2;390
142;78;0;0;78;0;109;7;415
141;77;0;0;80;0;113;7;418
137;85;0;0;79;0;105;7;413
130;81;0;0;90;0;113;7;421
124;99;0;0;92;0;120;7;442
121;96;0;0;98;0;124;6;446
124;92;0;0;111;0;142;7;476
121;125;0;0;116;0;131;8;501
121;130;0;0;117;0;153;10;531
102;121;1;0;125;0;199;9;557
109;141;0;0;144;0;173;10;578
115;145;-1;0;150;0;183;10;601
112;137;2;0;154;0;187;11;603
106;138;4;0;153;0;177;10;588
99;126;6;0;153;0;212;12;606
112;142;7;0;146;0;189;15;612
100;135;6;0;166;0;190;18;614
98;145;5;0;178;0;181;20;628
97;136;2;0;189;0;174;24;622
86;120;3;0;179;0;186;28;602
82;124;2;0;197;0;168;28;601
82;126;2;0;173;0;134;33;550
99;131;1;0;169;0;115;34;550
86;120;8;0;161;0;133;38;547
85;117;8;0;156;0;127;43;536
93;144;2;0;157;0;113;48;558
88;137;-3;0;178;0;134;49;584
78;136;-2;0;181;0;121;59;573
63;130;0;0;188;0;134;66;580
43;115;2;0;191;0;148;72;571
35;122;-1;0;191;0;121;78;545
0;265;0;0;4;0;-30;0;240
0;270;0;0;4;0;-43;0;231
0;370;0;0;2;0;-47;0;325
0;296;0;0;2;0;-53;0;245
0;328;0;0;2;0;-36;0;294
0;315;0;0;2;0;-46;0;271
0;320;0;0;2;0;-52;0;270
0;340;-1;0;2;0;-56;0;286
0;338;-1;0;3;0;-22;0;318
0;316;-1;0;5;0;7;0;328
0;294;-1;0;5;0;6;0;305
24;352;-1;0;3;0;-48;0;331
44;312;-1;0;2;0;-50;0;308
71;298;-1;0;2;0;-51;0;318
77;268;-1;0;2;0;-39;10;317
86;300;-1;0;1;0;-20;12;378
91;329;-1;0;1;0;-17;13;417
89;329;-2;0;1;0;24;14;456
97;336;-1;0;1;0;24;14;471
96;369;-2;0;1;0;1;15;480
104;371;-3;0;1;0;-8;16;482
129;492;-2;0;1;0;-82;17;554
145;516;-2;0;1;0;-97;18;580
154;527;-3;0;1;0;-78;19;619
169;497;-3;0;1;0;-33;20;649
201;466;-4;0;1;0;-17;21;668
222;496;-4;0;1;0;-32;22;704
238;517;-4;0;0;0;-53;23;721
233;473;-5;0;0;0;-22;23;702
271;486;-5;0;0;0;-14;25;763
294;477;-5;0;0;0;9;27;801
324;467;-5;0;0;0;-27;28;787
327;484;-5;0;0;0;-9;29;826
332;451;-5;0;40;0;-44;31;805
310;472;-6;0;55;0;-90;31;772
331;504;-7;0;78;0;-86;31;851
336;474;-7;0;93;0;-56;32;872
326;537;-13;0;128;0;-66;46;958
299;532;-14;0;143;0;-105;45;901
310;536;-14;0;184;0;-93;49;971
320;531;-15;0;171;0;-86;48;969
360;501;-16;0;88;0;35;16;983
295;620;-17;0;207;0;-224;17;898
280;626;-17;0;228;0;-267;20;870
277;624;-19;0;252;0;-243;21;913
230;596;-20;0;287;0;-199;23;917
208;606;-20;0;305;0;-221;24;902
200;620;-21;0;327;0;-223;23;927
199;640;-23;0;329;0;-267;29;908
186;523;-22;0;344;0;-189;32;874
358;4725;6;0;454;37;-1413;246;4413
341;4867;1;0;527;40;-1358;252;4669
339;5147;3;0;596;34;-1367;235;4987
388;4776;8;0;669;37;-1051;277;5105
349;3904;9;0;765;41;-463;284;4889
370;4152;4;0;925;42;-487;276;5282
368;4253;10;0;929;37;-746;313;5164
384;4531;8;0;937;48;-912;288;5285
437;4671;19;0;949;29;-878;292;5518
489;3859;22;0;952;24;-165;297;5478
527;3766;35;0;918;30;-207;292;5361
556;3441;26;0;911;74;-70;287;5224
517;3223;40;0;937;63;153;287;5219
589;3160;75;0;1108;75;35;297;5339
640;3055;85;0;1139;77;137;281;5414
589;3422;80;0;1208;96;-209;293;5478
614;3269;83;0;1342;2;103;292;5705
582;3314;113;0;1427;0;102;302;5840
576;3380;121;0;1543;0;182;287;6089
613;3476;125;0;1633;0;12;278;6136
578;3558;126;0;1736;0;-31;320;6288
510;3548;127;0;1721;0;5;336;6248
446;3592;142;0;1756;0;-59;338;6216
476;3583;135;0;1697;0;-104;350;6137
514;3671;135;0;1870;0;143;330;6663
471;3629;135;0;1929;0;137;357;6657
475;3918;140;0;1988;0;-139;370;6752
493;4062;147;0;2141;0;-291;389;6941
493;3868;151;0;2327;0;-215;424;7048
526;3942;160;0;2426;0;-305;434;7182
559;3984;174;0;2432;0;-389;445;7206
575;3986;182;0;2416;0;-371;468;7257
623;4016;183;0;2664;0;-443;560;7604
695;4093;164;0;2764;0;-629;570;7657
690;4181;177;0;2958;0;-821;619;7803
698;4099;162;0;2897;0;-798;674;7732
684;4216;167;0;2911;0;-1014;744;7707
661;3917;144;0;2911;0;-885;857;7605
518;3570;162;0;2675;0;-737;914;7102
572;3706;159;0;2849;0;-972;959;7274
642;3551;165;0;2672;0;-925;928;7033
658;3318;155;0;2569;0;-993;1047;6755
567;2898;152;0;2403;0;-665;1152;6506
547;2694;157;0;2123;0;-535;1158;6145
515;3062;167;0;2315;0;-820;1148;6388
460;2940;133;0;2432;0;-782;1139;6321
391;3095;136;0;2577;0;-918;1143;6424
358;2902;158;0;2492;0;-770;1165;6304
271;2898;137;0;2552;0;-802;1181;6237
199;2427;116;0;2448;0;-585;1171;5777
2346;7907;0;0;139;87;418;303;11201
2292;8617;0;0;144;104;506;306;11969
2423;10301;0;0;212;106;121;250;13413
2576;9976;0;0;281;215;138;301;13487
2390;9479;0;0;323;274;1;304;12772
2365;9769;0;0;380;372;389;308;13583
2229;10052;0;0;466;345;460;273;13824
1950;9738;0;0;656;647;677;274;13943
2144;10029;0;0;780;768;723;323;14767
2493;9137;0;0;896;901;647;350;14425
2779;8335;0;0;922;958;767;348;14109
2695;7953;0;0;952;1117;869;500;14087
2582;7632;0;0;1003;1247;1111;525;14100
2909;7762;0;0;1362;1465;1176;491;15164
3042;7090;0;0;1465;1741;1314;543;15194
2877;6980;0;0;1487;1836;1651;535;15365
2819;6635;0;0;1513;2048;2022;523;15561
3140;7042;0;0;1573;1949;2352;591;16647
3123;7496;0;0;1701;1995;2348;609;17272
3230;8500;0;0;1847;2207;1917;610;18310
3301;8651;0;0;1945;2329;1626;641;18492
3208;9222;0;0;1989;2436;1459;588;18902
3218;9213;0;0;2040;2719;1199;624;19013
3393;9795;0;0;2176;2936;1200;534;20034
3507;9520;0;0;2226;3177;1492;635;20557
3599;9513;0;0;2352;3297;1578;663;21001
3709;9638;0;0;2452;3482;1230;709;21220
3485;9272;0;0;2507;3626;1251;693;20834
3711;9089;0;0;2654;3454;1580;677;21165
4073;9127;0;0;2748;3513;1470;679;21610
4153;8689;0;0;2781;3489;1493;650;21255
4346;8708;0;0;2784;3219;1570;713;21340
4491;8854;0;0;2983;2618;1489;774;21209
4927;8732;0;0;2952;3081;1446;786;21925
4642;8937;0;0;2958;3325;1150;760;21772
4692;8632;0;0;3242;3310;1077;808;21762
4906;8767;0;0;3475;2878;755;783;21563
4812;8417;0;0;3503;2816;487;784;20818
4279;7700;0;0;3376;3052;640;800;19846
4865;7698;0;0;3596;3144;724;913;20941
4552;7522;0;0;4177;1110;1083;940;19384
4754;7580;0;0;4395;174;1148;920;18970
5128;7555;0;0;4402;101;857;987;19029
4974;7168;0;0;4464;0;811;1028;18446
5043;7051;0;0;4196;103;663;1099;18154
4964;6952;0;0;4258;197;471;1136;17977
4981;6745;0;0;4224;359;644;1237;18190
4903;6365;0;0;4077;708;603;1296;17952
4830;6203;0;0;3855;696;468;1336;17388
4684;5063;0;0;4054;423;1111;1377;16711
263;494;0;0;0;0;-51;5;711
273;535;0;0;0;0;-40;5;773
341;597;0;0;0;0;-39;5;903
362;651;0;0;0;0;-39;7;981
367;681;0;0;0;0;-30;6;1024
404;765;0;0;0;0;-38;6;1138
436;893;0;0;0;1;-14;5;1320
428;966;0;0;0;25;23;7;1448
507;1057;0;0;0;34;64;8;1672
567;1040;0;0;0;38;76;7;1727
646;1038;0;0;0;32;-29;10;1697
664;1034;0;0;0;41;57;7;1804
717;1128;0;0;0;98;1;10;1953
853;1177;0;0;0;129;-41;9;2127
941;1144;0;0;0;183;-57;13;2225
990;1297;0;0;3;309;-64;14;2549
990;1255;0;0;79;429;-20;19;2753
1065;1541;0;0;103;437;-60;13;3099
1064;1705;0;0;99;517;-100;17;3301
1063;1810;0;0;114;577;272;54;3890
1051;2306;0;0;132;614;38;40;4181
931;2947;0;0;170;617;-64;41;4642
1042;3234;0;0;217;634;33;47;5207
1071;3320;0;0;287;640;172;38;5529
1114;3764;0;0;348;731;51;51;6061
1201;4256;0;0;457;806;-180;45;6585
1333;5201;0;0;558;841;-814;50;7169
1355;4835;0;0;523;978;-1204;59;6546
1442;5150;0;0;637;1124;-1177;63;7238
1756;5296;0;0;712;1189;-1149;74;7878
1905;5060;0;0;785;1223;-1049;76;7999
1972;4648;0;0;888;1299;-566;79;8319
2038;4563;0;0;921;1415;-543;95;8489
2102;4942;0;0;1059;1426;-908;101;8722
2079;4974;0;1;1146;1601;-1102;105;8804
2212;5101;0;1;1202;1623;-1307;117;8949
2354;5111;0;1;1305;1559;-1156;131;9305
2634;5026;0;2;1332;1647;-1274;142;9509
2718;4815;0;3;1328;1612;-1022;146;9599
3075;5066;0;4;1618;1621;-1083;168;10468
3360;5360;0;4;1741;1688;-1437;190;10907
3227;5464;0;3;1883;1640;-1393;207;11031
3261;5312;0;4;1994;1514;-1269;231;11046
3421;5380;0;4;1806;1706;-1346;269;11239
3384;5903;0;3;1647;1797;-1604;286;11417
3411;6218;0;2;1730;1767;-1621;317;11824
3458;6407;0;2;1809;1619;-1840;361;11817
3372;6504;0;2;1990;1456;-1884;368;11809
3351;6084;0;2;2046;1592;-1712;367;11731
3175;5648;0;2;2070;1747;-1502;411;11552
..;..;..;..;..;..;..;..;..
..;..;..;..;..;..;..;..;..
..;..;..;..;..;..;..;..;..
..;..;..;..;..;..;..;..;..
..;..;..;..;..;..;..;..;..
..;..;..;..;..;..;..;..;..
..;..;..;..;..;..;..;..;..
..;..;..;..;..;..;..;..;..
..;..;..;..;..;..;..;..;..
..;..;..;..;..;..;..;..;..
..;..;..;..;..;..;..;..;..
..;..;..;..;..;..;..;..;..
..;..;..;..;..;..;..;..;..
..;..;..;..;..;..;..;..;..
..;..;..;..;..;..;..;..;..
..;..;..;..;..;..;..;..;..
..;..;..;..;..;..;..;..;..
..;..;..;..;..;..;..;..;..
..;..;..;..;..;..;..;..;..
30;0;13;0;100;0;143;45;330
26;0;15;0;100;0;124;45;311
23;0;15;0;72;0;105;42;256
21;0;9;0;48;0;97;46;221
16;0;7;0;35;0;94;49;200
11;0;8;0;42;0;78;53;192
11;0;12;0;36;0;80;51;189
9;0;7;0;44;0;71;55;186
7;0;2;0;43;0;70;59;181
5;1;7;0;41;0;60;53;167
6;4;6;0;46;0;49;50;160
5;1;7;0;53;0;52;55;172
4;1;8;0;54;0;50;53;171
4;0;9;0;56;0;56;55;181
3;0;8;0;56;0;58;61;186
3;0;8;0;57;0;59;62;190
4;1;9;0;59;0;64;60;196
4;1;11;0;57;0;68;59;201
4;1;9;0;56;0;64;58;192
4;0;6;0;51;0;58;66;184
5;0;3;0;61;0;59;61;189
5;0;4;0;54;0;53;62;178
4;0;6;0;51;0;53;71;185
3;0;5;0;50;0;54;70;182
2;0;8;0;45;0;55;70;182
2;0;7;0;46;0;57;67;178
2;0;4;0;47;0;57;70;178
2;0;0;0;42;0;59;82;184
2;0;3;0;49;0;60;80;194
2;0;4;0;46;0;58;78;188
1;0;6;0;38;0;56;79;181
..;..;..;..;..;..;..;..;..
..;..;..;..;..;..;..;..;..
..;..;..;..;..;..;..;..;..
..;..;..;..;..;..;..;..;..
..;..;..;..;..;..;..;..;..
..;..;..;..;..;..;..;..;..
..;..;..;..;..;..;..;..;..
..;..;..;..;..;..;..;..;..
..;..;..;..;..;..;..;..;..
..;..;..;..;..;..;..;..;..
..;..;..;..;..;..;..;..;..
..;..;..;..;..;..;..;..;..
..;..;..;..;..;..;..;..;..
..;..;..;..;..;..;..;..;..
..;..;..;..;..;..;..;..;..
..;..;..;..;..;..;..;..;..
..;..;..;..;..;..;..;..;..
..;..;..;..;..;..;..;..;..
..;..;..;..;..;..;..;..;..
33;399;-43;4;196;189;-118;13;673
37;501;-46;3;203;188;-185;13;714
17;176;-19;4;116;163;-8;13;461
15;220;-10;2;63;137;-65;19;381
13;165;4;2;72;87;-23;20;340
10;141;-10;3;85;132;-16;21;365
9;180;-19;3;91;155;-49;22;394
8;237;-13;4;84;134;-103;23;373
7;291;-22;5;73;150;-137;25;392
6;195;-10;5;76;110;-74;26;334
4;210;-5;5;86;94;-124;28;299
3;294;-14;5;90;126;-187;31;347
6;284;-23;7;91;157;-181;32;372
7;307;-27;7;99;171;-210;33;388
7;373;-26;7;98;167;-267;35;394
8;398;-11;7;104;115;-286;37;371
11;356;-2;7;103;96;-245;39;366
10;249;-5;9;121;109;-138;40;396
9;409;-3;8;109;110;-285;43;399
7;373;-11;9;91;120;-267;44;367
9;397;22;9;104;0;-290;45;295
10;405;24;10;114;0;-302;44;306
10;388;24;10;111;0;-282;49;309
11;410;25;9;91;0;-306;51;292
9;343;27;11;86;0;-240;54;292
8;379;26;10;87;0;-274;60;295
8;419;30;9;77;0;-305;63;302
8;428;31;12;80;0;-312;67;316
9;419;35;11;74;0;-295;67;320
8;409;34;11;78;0;-288;67;319
6;336;28;8;83;0;-221;70;312
105;0;6;0;1;0;57;0;170
103;0;7;0;5;0;59;0;174
102;0;7;0;9;0;67;0;186
112;0;10;0;12;0;59;0;194
82;0;9;0;14;0;53;0;158
79;0;10;0;16;0;56;0;161
71;0;9;0;17;0;57;1;156
82;0;9;0;19;0;56;1;168
77;0;10;0;20;0;51;1;159
76;0;10;0;18;0;43;1;149
63;0;11;0;14;0;42;1;130
58;0;11;0;11;0;41;1;123
52;0;12;0;11;0;40;1;116
60;0;12;0;12;0;39;1;124
60;0;13;0;13;0;41;1;128
55;0;13;0;13;0;45;1;126
44;0;13;0;14;0;50;1;123
46;0;14;0;15;0;52;2;128
48;0;14;0;17;0;57;1;137
46;0;14;0;18;0;62;1;142
44;0;15;0;19;0;73;1;152
41;0;14;0;20;0;75;2;152
42;0;15;0;20;0;75;2;154
36;0;16;0;20;0;74;2;149
20;0;18;0;23;0;68;2;132
19;0;18;0;26;0;70;2;134
12;0;19;0;26;0;71;2;130
4;0;19;0;26;0;73;2;126
4;0;20;0;27;0;77;2;131
5;0;21;0;28;0;84;3;140
5;0;19;0;31;0;89;3;148
3;0;13;0;45;0;90;3;153
2;0;14;0;45;0;97;3;162
3;0;12;0;50;0;111;4;180
3;0;12;0;49;0;115;4;184
4;0;13;0;52;0;109;5;182
3;0;14;0;48;0;104;7;176
3;0;16;0;46;0;105;7;176
3;0;12;0;47;0;98;6;166
3;0;15;0;50;0;103;7;177
2;0;16;0;43;0;107;7;175
2;0;15;0;44;0;103;7;172
2;0;18;0;37;0;101;8;166
2;0;18;0;35;0;96;9;160
2;0;20;0;32;0;92;10;156
2;0;23;0;30;0;89;11;155
2;0;22;0;29;0;92;13;158
2;0;22;0;29;0;97;14;163
2;0;21;0;29;0;99;15;165
2;0;20;0;26;0;79;17;143
63;1076;1;0;367;0;-10;302;1799
71;1188;1;0;394;0;30;307;1990
76;1300;1;0;439;0;59;324;2201
84;1436;1;0;459;0;20;341;2342
94;1533;1;0;470;0;41;337;2476
73;1753;1;0;461;0;15;347;2650
104;1934;0;0;485;0;-16;359;2866
104;2111;0;0;613;0;15;361;3205
99;2303;0;0;748;0;-24;390;3516
99;2846;2;0;801;0;-148;382;3983
93;3087;1;0;866;0;-201;407;4252
104;3174;0;0;948;0;-194;418;4450
113;2909;0;0;950;0;-197;416;4190
113;3051;0;0;960;0;-181;437;4378
123;3157;0;0;999;0;-184;454;4548
132;3096;-5;0;886;0;-188;503;4424
129;3237;-7;0;899;0;-149;545;4653
119;3265;-7;0;908;0;-128;552;4710
133;3381;-5;0;880;4;-38;565;4920
173;3449;-5;0;968;32;-66;628;5179
168;3568;-5;0;1011;46;4;644;5437
161;3563;-4;0;1017;43;25;676;5482
198;3661;-4;0;1007;54;-18;676;5574
220;3731;-3;0;1041;46;36;629;5700
241;3569;-3;0;1041;92;-96;673;5518
272;3396;0;0;1148;86;48;689;5639
276;3405;5;0;1203;114;258;672;5934
284;3454;5;0;1301;101;279;677;6100
281;3570;2;0;1277;109;338;699;6276
288;3234;3;0;1486;90;506;708;6315
329;3474;0;0;1516;95;419;667;6501
369;3473;1;0;1686;106;291;643;6570
463;3690;-3;0;1864;115;253;658;7040
412;3743;-5;0;1933;100;294;691;7169
509;3851;-6;0;1930;118;421;738;7561
547;3683;-3;0;2158;119;465;718;7685
497;3591;-4;0;2146;114;575;734;7653
439;3648;-4;0;2169;107;666;672;7697
443;3663;-3;0;2258;115;458;598;7532
555;3263;-3;0;2271;64;690;635;7475
609;3280;-3;0;2391;110;813;626;7827
532;3414;4;0;2483;96;880;618;8027
541;3458;0;0;2603;129;675;630;8035
530;3364;-2;0;2534;106;679;668;7879
479;2907;-2;0;2707;126;875;648;7741
518;2484;1;0;2771;115;1197;655;7742
531;1999;1;0;2621;119;1594;700;7565
514;1620;4;0;3035;149;1795;654;7773
494;1628;3;0;2874;122;1908;663;7692
294;1464;14;0;3353;119;1388;710;7341
10;4394;0;0;459;0;-3157;27;1733
15;4369;0;0;506;0;-3158;30;1762
25;4641;0;0;602;0;-3181;28;2115
28;4774;0;0;617;0;-3106;33;2345
51;4602;0;0;681;0;-2818;35;2552
50;5096;0;0;760;0;-3027;38;2918
51;5434;0;0;845;0;-3137;42;3235
33;5453;0;0;891;0;-2865;50;3562
48;6055;0;0;1144;0;-2988;49;4308
50;5997;0;0;1224;0;-2573;49;4747
42;6167;0;0;1463;0;-2163;53;5562
57;6829;0;0;1558;0;-2214;54;6284
53;7083;0;0;1571;0;-2442;53;6318
41;7788;0;0;1812;0;-3043;54;6653
41;8393;0;0;1917;0;-3350;55;7056
40;8811;-1;0;2298;0;-3910;61;7299
39;9606;-2;0;2534;0;-4325;70;7922
40;10336;0;0;2806;0;-4603;68;8647
30;11115;0;0;3220;0;-5008;67;9423
30;10090;0;0;2998;0;-4340;64;8842
43;9665;0;0;3152;0;-3505;62;9417
37;11256;0;0;3466;0;-4284;73;10548
49;12008;-1;0;3877;0;-4548;74;11459
49;13457;-1;0;4367;0;-5467;66;12472
48;13727;0;0;4609;0;-5642;65;12808
51;14198;1;0;4761;0;-6081;66;12995
52;14749;0;0;5162;0;-6175;63;13852
60;14566;0;0;5491;0;-6161;62;14018
62;15291;0;0;5860;0;-6671;53;14595
67;15104;3;0;6088;0;-6493;50;14819
59;15422;4;0;6506;0;-5869;56;16178
63;15756;4;0;7048;0;-5938;63;16996
69;15951;5;0;7500;0;-6416;76;17185
69;16152;8;0;8245;0;-6416;80;18138
82;16801;4;0;8895;0;-6243;141;19681
86;16675;11;0;9675;0;-5841;148;20754
84;16567;11;0;10496;0;-5461;146;21842
89;17448;5;0;11433;0;-5388;89;23675
69;17789;11;0;11774;0;-5357;93;24380
101;18624;12;0;12830;0;-6273;111;25405
91;18936;16;0;13382;4;-6598;114;25945
126;19439;14;0;14116;20;-6549;121;27288
142;18968;17;0;14503;50;-6292;132;27519
150;20079;24;0;15183;49;-6447;120;29157
137;20948;39;0;16142;32;-7493;114;29920
141;21940;37;0;16775;72;-8450;134;30648
160;22173;27;0;17355;82;-8533;129;31393
149;22156;64;0;17677;81;-8893;141;31375
135;20904;38;0;18260;78;-8427;158;31146
140;..;..;..;18229;..;..;..;..
..;..;..;..;..;..;..;..;..
..;..;..;..;..;..;..;..;..
..;..;..;..;..;..;..;..;..
..;..;..;..;..;..;..;..;..
..;..;..;..;..;..;..;..;..
..;..;..;..;..;..;..;..;..
..;..;..;..;..;..;..;..;..
..;..;..;..;..;..;..;..;..
..;..;..;..;..;..;..;..;..
..;..;..;..;..;..;..;..;..
..;..;..;..;..;..;..;..;..
..;..;..;..;..;..;..;..;..
..;..;..;..;..;..;..;..;..
..;..;..;..;..;..;..;..;..
..;..;..;..;..;..;..;..;..
..;..;..;..;..;..;..;..;..
..;..;..;..;..;..;..;..;..
..;..;..;..;..;..;..;..;..
..;..;..;..;..;..;..;..;..
47;243;0;0;2;0;-19;46;319
52;230;2;0;1;0;0;49;335
44;264;3;0;1;0;-7;49;355
46;266;4;0;1;0;5;48;368
50;279;3;0;1;0;12;50;395
71;264;1;0;0;0;5;50;391
85;239;0;0;1;0;30;56;411
85;251;0;0;1;0;29;57;424
94;259;3;0;1;0;18;56;432
91;308;7;0;1;0;-2;53;459
111;291;8;0;2;0;-5;54;461
141;298;6;0;2;0;-12;55;489
144;269;5;0;2;0;21;56;497
135;188;5;0;1;0;107;59;495
129;264;6;0;2;0;83;102;586
132;298;3;0;16;0;78;94;621
136;266;7;0;20;0;114;88;631
131;262;13;0;23;0;140;83;652
123;237;15;0;20;0;205;77;677
113;192;17;0;22;0;262;76;682
117;261;14;0;24;0;221;78;715
127;317;17;0;30;0;209;71;771
127;320;17;0;45;0;205;68;782
124;301;19;0;43;0;224;73;784
169;277;22;0;42;0;215;70;796
186;126;18;0;43;0;370;73;816
179;0;19;0;43;0;501;76;819
186;0;21;0;43;0;531;76;857
216;0;12;0;39;0;516;84;866
279;0;-3;0;37;0;528;91;932
280;..;1;0;28;0;..;86;..
142;2617;-4;0;836;4;-1464;0;2130
119;2987;-5;0;1081;4;-1740;0;2445
120;3134;-5;0;1193;12;-1858;0;2596
121;2757;-5;0;1281;36;-1637;0;2553
93;2436;-1;0;1315;36;-1416;8;2471
97;2779;-1;0;1374;42;-1564;8;2736
100;2598;3;0;1356;40;-1460;8;2646
122;2457;1;0;1363;44;-1277;11;2722
138;2554;1;0;1373;38;-1252;10;2862
159;2158;-1;0;1274;46;-950;10;2695
191;1740;0;0;1212;40;-645;9;2547
156;1692;10;0;1147;43;-782;2;2269
217;1867;17;0;1221;39;-996;2;2368
276;2050;13;0;1290;40;-1164;0;2505
277;1826;18;0;1355;43;-982;4;2539
277;2145;8;0;1362;46;-1208;5;2634
284;2215;13;0;1407;39;-1270;6;2694
339;2329;21;0;1275;40;-1349;15;2671
341;2321;18;0;1306;44;-1357;16;2688
342;2204;33;0;1287;38;-1161;42;2785
314;2374;33;0;1439;36;-1345;42;2893
313;2448;31;0;1394;41;-1401;43;2870
313;2497;37;0;1435;43;-1440;47;2932
341;2493;38;0;1397;43;-1418;47;2942
374;2660;41;0;1444;44;-1552;52;3063
361;2711;38;0;1591;45;-1590;62;3219
352;2706;45;0;1497;26;-1565;69;3130
358;2758;43;0;1487;42;-1609;73;3153
313;2613;66;0;1448;42;-1457;77;3102
325;2637;68;0;1466;43;-1490;81;3131
346;2645;62;0;1502;43;-1470;85;3213
348;2451;59;0;1499;43;-1243;92;3248
360;2571;61;0;1507;44;-1266;93;3369
355;2655;58;0;1539;42;-1356;105;3399
339;2685;66;0;1479;44;-1394;125;3344
330;2623;77;0;1434;38;-1319;130;3313
352;2567;63;0;1396;46;-1259;136;3301
334;2546;57;0;1451;45;-1313;154;3274
312;2493;18;0;1486;46;-1295;168;3229
316;2604;10;0;1678;43;-1354;167;3464
311;2512;33;0;1467;45;-1321;176;3223
341;2499;62;0;1402;43;-1300;180;3226
340;2400;66;0;1398;32;-1253;177;3158
377;2440;53;0;1218;45;-1334;177;2976
459;2581;31;8;1199;44;-1478;192;3037
427;2621;18;9;1257;43;-1474;197;3098
385;2620;13;8;1300;37;-1454;212;3121
346;2645;29;8;1287;38;-1516;223;3061
269;2684;3;9;1342;43;-1607;253;2995
173;2450;-10;10;1316;45;-1382;304;2906
42;135;0;0;4;0;13;92;286
43;151;0;0;10;0;18;97;318
47;147;0;0;12;0;28;96;330
47;163;0;0;13;0;28;115;365
44;137;0;0;14;0;37;125;358
45;161;0;0;34;0;24;117;381
42;150;0;0;57;0;35;115;399
47;137;0;0;54;0;36;122;396
40;142;0;0;36;0;25;126;369
43;134;0;0;33;0;34;133;376
42;127;0;0;41;0;31;132;373
42;106;0;0;72;0;50;127;398
46;114;0;0;78;0;38;136;412
45;117;0;0;99;0;39;139;439
42;86;0;0;127;0;80;134;469
36;108;0;0;153;0;31;143;471
43;149;0;0;147;0;-11;145;473
50;164;0;0;159;0;-29;152;496
44;190;0;0;163;0;-39;173;531
50;183;0;0;162;0;-36;179;538
44;181;0;0;176;0;-33;182;552
39;179;0;0;187;0;-17;175;564
57;195;0;0;182;0;-29;189;594
51;219;0;0;170;0;-19;195;615
48;214;0;0;160;0;2;201;624
38;219;0;0;183;0;10;196;646
49;240;0;0;196;0;2;189;675
47;247;0;0;174;0;-6;203;666
52;221;0;0;201;0;16;203;693
46;227;0;0;212;0;12;220;717
59;223;0;0;223;0;10;204;718
48;235;0;0;212;0;6;217;718
77;229;0;0;162;0;28;213;709
90;222;0;0;145;0;38;231;727
92;218;0;0;135;0;38;225;709
82;220;0;0;139;0;39;229;709
70;210;0;0;153;0;52;232;717
82;222;0;0;143;0;40;238;725
61;219;0;0;147;0;43;259;729
54;229;0;0;156;0;30;287;756
58;237;0;0;143;0;18;299;755
69;253;0;0;161;0;18;292;793
62;240;0;0;167;0;26;305;800
53;233;0;0;184;0;43;328;842
57;249;0;0;171;0;35;338;850
48;238;0;0;176;0;38;339;839
48;236;0;0;178;0;41;336;840
52;238;0;0;161;0;29;345;826
63;235;0;0;168;0;44;348;858
69;176;0;0;162;0;90;335;833
144;9076;0;0;603;0;-5057;2632;7397
146;8954;0;0;660;0;-4750;2688;7699
149;10067;0;0;742;0;-5434;2739;8264
165;9754;0;0;781;11;-4811;2828;8728
191;8208;0;0;778;27;-3206;2882;8879
191;8609;0;0;835;28;-3347;2925;9240
223;8875;0;0;898;18;-3338;3023;9699
277;8950;0;0;910;32;-3143;3096;10122
292;9059;0;0;988;29;-3051;3249;10566
311;9060;-5;0;1054;26;-2960;3390;10877
304;8529;-5;0;1064;31;-2662;3432;10692
323;8400;-9;0;1170;20;-2614;3542;10833
348;8070;-13;0;1250;37;-2370;3754;11077
403;7996;-13;0;1383;69;-2507;4062;11393
484;7364;-13;0;1407;100;-1943;4158;11556
489;7442;-12;0;1481;64;-1725;4218;11956
521;7444;-10;0;1516;81;-1569;4393;12376
522;7814;-5;0;1630;70;-1882;4390;12540
530;7811;2;0;1760;75;-1914;4473;12737
479;7798;-1;0;1816;104;-1914;4365;12647
521;8040;-3;0;1858;100;-2080;4389;12827
504;8390;-4;0;1881;96;-2067;4387;13188
521;8297;-5;0;1987;89;-2119;4390;13160
550;8721;-5;0;2098;90;-1968;4582;14067
564;8550;-1;0;2227;105;-1663;4556;14337
576;9144;-3;0;2472;108;-1850;4647;15094
577;9345;2;0;2547;121;-1710;4817;15699
605;9847;1;0;2735;117;-1859;4880;16327
571;10329;-1;3;2764;121;-1874;4965;16879
620;10512;-5;3;3002;133;-2176;4911;17000
608;10461;-2;4;3044;233;-2323;4855;16878
609;10285;-2;3;3343;214;-1891;5124;17686
634;9874;-10;4;3503;228;-1675;5416;17974
689;10634;1;4;3823;213;-2311;5695;18748
660;10783;5;7;3867;182;-2116;5882;19270
661;10670;7;6;4070;234;-1785;6084;19947
715;11002;7;16;4227;213;-1730;6458;20907
718;10989;9;5;4409;232;-1562;6755;21555
584;10660;12;5;4190;230;-1518;6764;20927
745;10204;3;3;4672;237;23;7073;22960
796;10661;8;5;4779;240;-517;7063;23034
784;10121;7;2;5160;245;376;7110;23804
851;10534;9;3;5374;236;539;7215;24760
911;10401;6;3;5581;228;581;7220;24932
922;9971;3;3;5569;238;627;7430;24763
839;9222;1;3;5354;263;908;7551;24143
860;8575;5;4;5385;238;1479;7680;24227
855;7793;1;4;5200;246;1447;7928;23473
811;7102;-3;4;5089;268;2110;8067;23447
778;..;..;..;4518;..;..;..;..
10308;4973;0;0;334;14;-285;13382;28726
10721;5552;0;0;388;13;-399;13697;29973
10879;6166;0;0;467;29;-385;14060;31218
11004;6511;0;0;577;29;-348;14373;32145
12640;6705;0;0;648;35;-139;14748;34637
12862;7615;0;0;757;42;-296;15028;36009
14385;8443;0;0;954;30;-516;15303;38600
15744;8994;0;0;1150;62;-289;15512;41172
16325;9224;0;0;1228;102;-266;15787;42400
16451;9416;0;0;1240;122;-325;16107;43012
16678;9534;2;0;1246;151;-565;16448;43495
17708;9507;3;0;1320;167;-507;16767;44964
18833;9832;2;0;1466;247;-560;16958;46778
20639;10105;1;0;1678;316;-849;17221;49111
21348;10430;1;0;1801;372;-661;17516;50806
22389;11252;0;0;2060;353;-978;17835;52911
23835;11872;-1;0;2217;422;-1046;18100;55399
25455;12283;0;0;2378;401;-576;18514;58455
26066;12933;0;0;2652;359;-566;18961;60406
28714;13645;1;0;2884;429;-333;19667;65006
27873;14236;0;0;3367;449;-541;19917;65301
28729;14991;1;0;3579;449;-211;20138;67677
30468;16179;3;0;3778;457;68;20305;71258
32280;16530;18;0;4053;609;236;20650;74375
35036;17704;5;0;4430;618;622;20973;79388
35927;19204;16;0;4760;671;379;21166;82123
35207;20137;2;0;5311;667;979;21422;83725
35580;19946;2;0;5467;689;1080;21585;84348
36202;21240;3;0;5912;731;1238;21794;87121
37483;23271;5;0;6284;809;283;22102;90235
39312;23653;2;0;6630;815;287;22134;92833
42205;24485;3;0;7137;936;617;22198;97581
48630;26560;1;0;7831;1110;139;22193;106464
55892;29209;7;0;8467;1197;224;22437;117433
63217;29880;3;0;9295;1231;-631;22693;125688
69701;31388;7;0;9997;1263;-920;23173;134610
76010;32410;9;0;10815;1339;-847;23262;142996
78478;33334;8;0;11638;1372;-1092;23579;147316
84697;35383;18;0;12424;1453;-1805;23712;155883
92932;37605;26;0;13766;1584;-1396;24259;168777
100432;38257;29;0;14496;1811;-1382;24310;177953
103461;40769;37;0;15102;1912;-1973;25102;184409
105626;41579;42;0;16087;2101;-1374;25884;189945
108542;42905;34;0;16817;2365;-968;26951;196647
106974;44796;45;0;17179;2719;-575;27428;198567
104109;46889;27;0;17945;3162;-907;28305;199531
107340;48599;31;0;18945;3477;-742;29686;207336
111584;50626;33;0;20911;4034;-1313;30922;216796
115189;51892;38;0;22152;4769;-1386;32113;224766
115617;..;..;..;22598;..;..;..;..
13859;14372;-35;0;8386;67;-2427;1534;35756
14270;15493;-35;0;8791;100;-2512;1502;37610
14563;16696;-37;0;9297;131;-2639;1473;39485
14679;17893;-35;0;9930;287;-2897;1531;41388
15185;18538;-37;0;10808;446;-2783;1507;43663
15129;19434;-36;0;11844;498;-2942;1528;45455
15418;20198;-35;0;12655;534;-3097;1572;47244
15435;21487;-40;0;13339;567;-3242;1627;49174
15606;21954;-51;0;14094;622;-3055;1636;50806
15161;22653;-57;0;14857;819;-3209;1698;51922
14985;22620;-58;0;15608;974;-3349;1731;52511
15002;22672;-59;0;16859;1114;-3556;1711;53742
14813;22776;-73;0;17979;1287;-3859;1686;54608
14516;22647;-79;0;19592;1643;-3835;1833;56315
14557;22409;-77;0;21051;1913;-3695;1892;58050
14933;22737;-75;0;21974;1844;-4028;1846;59231
15166;23510;-91;0;23257;2156;-4281;1891;61608
15314;23625;-107;0;24501;2456;-4423;1891;63257
14751;23361;-101;0;24799;2423;-4313;1778;62697
15296;21823;-9;0;24936;2301;-2599;1636;63385
14178;20545;1;0;24872;2291;-1675;1662;61874
13057;16368;6;0;23860;2252;-1396;1691;55838
11775;14441;-33;0;22975;2288;-1314;1715;51849
10614;12246;-24;0;21166;2001;-1918;1581;45665
10123;11929;-22;0;20477;2060;-1880;1610;44297
9567;11588;-20;0;20631;2310;-2325;1548;43298
8785;11261;-35;0;19894;2335;-2344;1551;41447
8529;10780;-16;0;19561;2244;-2171;1544;40470
8562;10619;-29;0;19987;2383;-2375;1634;40781
8739;10980;-18;0;20152;2565;-2634;1595;41378
8580;11544;-26;0;20384;2635;-3050;1608;41674
8711;12340;-19;0;20412;2717;-3793;1589;41958
8970;12665;-37;0;21451;2808;-3834;1579;43602
8944;13052;-57;0;21942;2812;-4146;1743;44290
8842;13483;-77;0;22183;2906;-4726;1772;44383
9247;14047;-95;0;22400;3009;-4753;1797;45652
9288;14233;-42;0;22668;3049;-4921;1771;46046
9627;14410;-69;0;23002;3102;-4835;1743;46979
8160;14253;-73;2;21198;3028;-5107;1821;43283
8824;14610;-126;2;23693;3169;-5549;1949;46573
9358;15097;-106;3;24118;3223;-5477;1847;48062
9581;15424;-71;2;23307;3261;-5517;1884;47871
9092;15798;-107;44;23172;3118;-6406;2009;46721
8607;16332;-97;33;22365;3287;-6934;1984;45577
8587;15969;-90;26;20938;3435;-6815;1994;44044
8576;16022;-117;27;21437;3371;-6085;2154;45383
8520;16183;-70;25;22093;3494;-6239;2133;46138
8930;16262;-139;24;24516;3497;-6342;2306;49055
9035;16178;-97;30;24064;3536;-6248;2373;48871
8567;..;..;..;23374;..;..;..;..
25832;34371;-22;0;9879;81;-11029;22309;81421
26661;36056;-27;0;10463;114;-10910;22786;85143
27209;39573;-29;0;11252;160;-11923;23279;89522
27543;40929;-32;0;12064;327;-11363;23881;93349
29800;40182;-36;0;13092;508;-9148;24436;98835
30057;42939;-33;0;14383;568;-9702;24905;103116
31914;45255;-30;0;15576;582;-10101;25461;108657
33422;47334;-20;0;16594;660;-9556;25927;114361
34299;48861;-24;0;17917;753;-9493;26509;118822
34138;50280;-28;0;18869;966;-9513;27183;121896
34435;50020;-52;0;19963;1156;-9282;27781;124021
35834;51073;-59;0;21571;1301;-9620;28352;128453
36865;51293;-68;0;23023;1572;-9805;28874;131753
38623;52374;-90;0;25214;2071;-10992;29777;136978
39482;52681;-87;0;27019;2443;-10526;30416;141427
41061;54395;-89;0;28785;2357;-11606;30960;145863
42935;56842;-102;0;30522;2726;-12293;31641;152270
44749;58597;-113;0;32373;3041;-12692;32266;158220
44596;59710;-101;0;33593;2978;-12949;32904;160731
47625;58147;-15;0;33871;2926;-10407;33836;165983
45886;57276;-9;0;34566;2940;-9025;34352;165987
45366;55898;6;0;34162;2898;-9131;34805;164005
46180;55790;-45;0;34109;2914;-9181;35209;164976
46944;55830;-15;0;33188;2806;-10478;35908;164183
49353;57030;-18;0;33308;2905;-9970;36521;169129
49749;59485;54;0;34220;3218;-11327;36985;172384
48327;61119;34;0;34592;3261;-10870;37602;174065
48450;60491;37;0;34978;3198;-10200;38084;175038
49160;62969;22;3;36422;3375;-10953;38731;179729
50687;65164;32;4;37501;3649;-12088;39016;183965
52363;66795;-10;5;38758;3800;-12364;39323;188672
55274;68585;-9;5;40289;3999;-12410;39922;195656
62299;70644;-36;5;42902;4285;-12858;40496;207737
69888;74617;-35;6;45197;4367;-13343;41628;222325
77023;76780;-60;8;47368;4443;-14460;42469;233572
83991;78353;-57;6;49426;4615;-13604;43501;246232
90510;79876;0;16;51732;4725;-13035;44181;258005
93676;81938;-31;5;54081;4848;-12662;45040;266894
98168;83817;-13;7;53170;4852;-13070;45593;272524
107144;86756;-70;13;58707;5122;-12107;46914;292477
115156;88409;-33;12;60830;5425;-12233;47328;304894
118394;90874;18;9;61953;5568;-11834;48806;313788
120081;92017;-5;51;63386;5659;-11442;50187;319934
122913;95401;3;40;64272;6079;-11339;51520;328889
121035;96707;20;32;64459;6557;-11662;52491;329639
118224;99189;-24;34;66477;7032;-11791;54006;333148
121537;100450;20;32;69054;7447;-11247;55795;343087
126297;101916;-17;33;73858;7985;-12552;57810;355329
130141;101282;-23;38;75229;8796;-10879;59527;364112
129675;..;..;..;74311;..;..;..;..
39;238;-10;0;0;0;63;228;558
42;248;-17;0;0;0;62;243;577
38;257;-19;0;0;0;60;262;598
43;255;-20;0;1;0;43;276;597
41;314;-20;0;7;0;-8;278;613
41;350;-24;0;12;0;-25;313;668
35;356;4;0;17;0;-3;278;687
37;358;-12;0;29;0;20;310;741
42;356;-17;0;30;0;8;343;762
42;351;-2;0;36;0;15;325;768
39;338;-19;0;36;0;2;361;758
43;320;-22;0;40;0;-6;359;734
39;339;-48;0;47;0;-20;408;765
48;356;-30;0;42;0;-18;411;810
49;350;-2;0;49;0;-12;402;837
44;329;7;0;89;0;25;383;877
41;420;-1;0;62;0;-48;410;885
41;394;-20;0;72;0;-68;430;849
40;454;-53;0;75;0;-99;465;882
36;583;-57;1;83;0;-242;479;882
33;570;-10;1;81;0;-202;438;911
32;621;-31;1;136;0;-292;460;926
36;636;-28;1;155;0;-286;473;986
41;644;0;1;164;0;-334;450;965
43;590;-24;1;145;0;-256;485;984
42;640;32;1;125;0;-307;420;954
43;648;14;1;164;0;-304;444;1010
45;646;13;1;180;0;-302;471;1055
44;649;-7;1;199;0;-283;501;1105
44;658;-69;1;174;0;-281;568;1095
40;603;13;1;258;0;-274;485;1125
34;803;-35;1;180;0;-457;520;1045
33;885;28;1;217;0;-467;437;1134
39;967;41;1;169;0;-466;447;1198
32;1041;-43;1;170;0;-526;548;1223
30;1107;3;1;168;0;-566;489;1233
34;991;-36;2;204;0;-579;541;1156
36;1017;-50;2;298;0;-522;565;1346
23;1031;-32;2;293;0;-509;514;1322
32;932;27;3;264;0;-384;496;1370
35;981;-11;2;214;0;-556;512;1177
34;1011;-64;2;228;0;-511;589;1289
32;1058;-18;4;236;0;-475;537;1375
36;947;-56;5;241;0;-518;555;1208
34;1047;-53;5;257;0;-625;568;1233
32;900;-59;5;232;0;-524;594;1179
35;1076;-55;5;192;0;-615;603;1243
34;1082;-37;5;231;0;-657;592;1251
34;948;0;5;222;0;-619;557;1148
34;908;-74;5;194;0;-493;623;1197
34344;69743;27;0;27506;1131;1998;7026;141775
33911;74202;21;0;28968;1550;3004;7295;148950
35434;80482;22;0;29640;2060;2168;7391;157198
35348;77906;27;0;29932;2650;1629;7830;155321
34418;76381;15;0;28734;3666;1081;7813;152107
36811;81563;19;0;29911;4210;1365;7936;161815
36943;85178;19;0;29739;5237;534;8120;165771
37450;85638;19;0;30794;6143;2134;8673;170851
39452;87799;37;0;32481;6304;-160;9106;175019
40504;81718;56;0;32686;6792;55;9245;171055
41005;75676;54;0;31983;7998;720;9398;166834
40642;71827;47;0;30563;8594;1510;9731;162915
41286;70154;63;0;30075;9670;1664;10252;163164
42448;71648;75;0;31679;11571;1526;10744;169692
44515;70229;75;0;31985;13767;2027;10866;173465
43592;73363;74;0;31131;15057;921;11061;175199
45004;73674;89;0;32728;16175;1835;11429;180933
45864;76223;108;0;33586;17493;1684;11510;186468
45883;77591;93;0;35035;18096;1407;11653;189758
45338;79560;24;4;35726;19077;-433;12090;191386
44569;80429;8;4;37416;20074;-1373;12463;193590
43484;82634;4;18;37884;20302;-1819;12840;195347
43013;84740;8;16;39252;21009;-2835;13057;198259
43008;86294;11;16;40146;21679;-2625;13045;201572
42993;86612;11;17;42188;22554;-2146;13570;205798
44113;88950;15;18;43961;23174;-2208;13956;211977
44807;91827;16;16;44449;22866;-3878;13898;214001
44355;92385;8;20;44767;23496;-4211;13950;214770
44033;90881;14;21;46917;24257;-1790;14090;218422
46189;91979;4;24;49049;24632;-2931;14409;223356
45989;91840;32;24;48366;24997;-2269;13716;222695
46521;90834;48;27;49617;25050;-1685;13995;224409
47253;93062;28;25;50377;24487;-2111;14517;227637
48412;95077;28;25;50632;25525;-2767;15059;231992
48201;94766;48;28;51272;25774;-2419;15704;233373
48770;94781;54;29;51631;25859;-3463;16314;233975
49288;94035;3;31;53715;24968;-4046;16909;234902
48010;92525;25;34;54192;24995;-5576;17677;231883
43417;87849;23;31;52890;24585;-5103;17971;221663
45849;88083;63;40;55741;24969;-5003;19241;228982
44947;87843;28;38;55686;22772;-6395;19824;224743
43042;88221;-6;41;56825;21295;-7280;20952;223090
43354;87076;55;45;57846;21412;-7059;22162;224891
42567;87676;49;49;57004;21607;-8531;22417;222839
39941;90044;47;54;58038;21506;-9764;22868;222734
37894;89555;46;56;60149;21449;-9443;23462;223168
37223;91223;-38;57;60862;21337;-10377;24368;224655
36031;90824;42;56;63390;21596;-10446;25199;226692
32234;89569;6;57;65548;21665;-10177;25887;224789
27873;79437;-41;50;64330;20302;-7916;26378;210414
..;..;..;..;..;..;..;..;..
..;..;..;..;..;..;..;..;..
..;..;..;..;..;..;..;..;..
..;..;..;..;..;..;..;..;..
..;..;..;..;..;..;..;..;..
..;..;..;..;..;..;..;..;..
..;..;..;..;..;..;..;..;..
..;..;..;..;..;..;..;..;..
..;..;..;..;..;..;..;..;..
..;..;..;..;..;..;..;..;..
..;..;..;..;..;..;..;..;..
..;..;..;..;..;..;..;..;..
..;..;..;..;..;..;..;..;..
..;..;..;..;..;..;..;..;..
..;..;..;..;..;..;..;..;..
..;..;..;..;..;..;..;..;..
..;..;..;..;..;..;..;..;..
..;..;..;..;..;..;..;..;..
..;..;..;..;..;..;..;..;..
22212;4925;7;0;536;0;49;8850;36578
20965;5177;10;0;563;0;-138;8926;35504
21656;5508;18;0;553;0;-27;9002;36711
23076;5852;16;0;587;17;220;9118;38887
24747;5859;-7;0;615;161;157;9197;40728
27132;6194;-19;0;628;140;341;9314;43729
27699;6669;-13;0;647;156;483;9302;44944
26723;7327;-26;0;706;157;683;9357;44926
27191;7221;-26;0;731;154;565;9315;45151
27224;7940;-32;0;790;163;632;9279;45997
27831;8956;-30;0;869;183;289;9209;47306
29226;9021;-30;0;978;191;440;9089;48914
31689;9539;-27;0;1032;274;610;9042;52159
37742;10548;-26;0;1161;473;762;8778;59437
43809;12150;-22;0;1367;551;1026;8721;67602
50396;12601;-22;0;1624;579;706;8701;74584
55992;13506;-25;0;1983;598;732;8804;81591
61287;14254;-37;0;2476;678;605;8557;87820
62882;14868;-46;0;2861;746;316;8554;90182
67959;15970;-41;0;3143;765;-202;8572;96165
74961;17958;-49;0;3742;806;-40;8807;106185
81267;18412;-46;0;4605;942;100;8688;113969
83161;19553;-39;0;5169;1062;-119;9275;118063
84808;20385;-40;0;5883;1218;-63;9677;121867
85500;21673;-41;0;6435;1446;-473;10430;124968
83703;22866;-45;0;6640;1863;-310;10827;125544
80669;24013;-46;0;7150;2327;-652;11345;124805
81947;25117;-47;0;8172;2706;-518;12115;129492
84314;26743;-55;0;9573;3211;-982;12932;135736
86733;28485;-60;0;10391;3800;-1353;13909;141903
87638;..;..;..;11071;..;..;..;..
2958;351;0;0;239;0;-3;58;3604
3008;420;-1;0;252;0;-20;65;3724
3128;459;-6;0;262;0;-12;58;3889
3265;483;-10;0;269;0;-1;63;4070
3383;578;-2;0;288;0;1;65;4313
3587;652;0;0;308;0;-63;61;4544
3681;693;0;0;326;0;-43;65;4723
4017;714;-1;0;344;0;-26;60;5107
4158;699;-2;0;358;0;-7;54;5262
4179;679;-1;0;367;0;18;59;5301
3835;572;0;0;346;0;54;70;4878
4179;563;-6;0;346;0;30;64;5177
4099;573;-11;0;354;0;48;68;5131
3897;572;-17;0;368;0;64;77;4963
4126;590;-8;0;374;0;56;83;5221
4256;595;0;0;396;0;69;117;5433
4411;596;6;0;409;0;48;106;5576
4349;620;16;0;406;0;43;106;5540
4021;630;6;0;399;0;34;102;5192
3302;531;-4;0;374;0;15;99;4317
3252;497;-9;0;349;0;48;92;4229
3156;554;-15;0;325;0;11;95;4127
3115;570;-9;0;341;0;16;195;4228
2882;583;-10;0;344;0;30;197;4027
2946;606;-10;0;377;0;49;199;4166
3024;654;-11;0;395;0;83;189;4334
2945;641;-8;0;394;0;116;183;4273
2656;687;-13;0;398;0;88;167;3984
2550;728;-18;0;388;0;71;161;3879
2359;779;-23;0;417;0;23;163;3719
2335;790;-24;0;434;0;35;175;3744
2297;771;-25;0;423;0;58;178;3702
2353;754;-37;0;471;0;79;179;3800
2268;784;-33;1;497;0;108;186;3811
2288;790;-40;1;512;0;112;194;3858
2389;889;-40;1;527;0;80;208;4054
2329;897;-19;1;523;0;95;212;4037
2298;937;-2;1;526;0;90;243;4092
2155;920;-8;0;505;0;86;276;3935
2292;1000;-5;1;536;0;63;321;4208
2287;1054;-19;1;537;0;17;351;4228
2125;1075;-10;1;573;0;-55;378;4086
2221;1034;-16;1;575;0;-104;378;4089
2064;1032;8;1;561;0;-111;382;3937
2024;1115;-1;1;577;0;-139;397;3974
2059;1104;7;0;613;0;-24;398;4157
2069;1097;8;1;647;0;118;408;4348
2068;1171;21;0;675;0;74;418;4426
1842;1175;38;1;709;0;87;449;4301
1667;1099;48;0;715;0;114;458;4102
24;174;1;0;0;0;12;52;263
17;184;0;0;0;0;15;53;269
21;179;0;0;0;0;35;53;289
17;248;0;0;0;0;-18;55;302
17;242;1;0;0;0;12;50;322
16;247;6;0;0;0;29;44;342
15;249;-2;0;0;0;10;64;335
19;278;-1;0;0;0;2;70;367
18;354;-1;0;0;0;-41;73;404
18;325;7;0;0;0;9;59;418
16;343;12;0;0;0;-4;49;415
13;342;11;0;0;0;41;58;464
18;353;5;0;0;0;27;64;466
18;321;3;0;0;0;56;70;467
32;308;8;0;0;0;34;77;459
60;361;7;0;0;0;6;73;508
77;327;11;0;0;0;29;77;521
88;347;9;0;0;0;13;89;545
107;431;4;0;0;0;18;100;660
115;447;0;0;0;0;3;137;703
122;418;0;0;0;0;33;137;710
124;475;5;0;0;0;33;119;756
132;460;1;0;0;0;18;134;745
139;564;3;0;0;0;-85;143;765
151;575;3;0;0;0;-22;139;845
144;529;4;0;0;0;2;159;837
148;560;10;0;4;0;3;157;882
130;602;1;0;29;0;34;156;953
159;576;-3;0;81;0;69;141;1023
159;525;3;0;85;0;95;161;1030
134;555;1;0;94;0;82;172;1038
146;529;7;0;114;0;133;153;1081
137;565;10;0;110;0;47;182;1051
141;560;23;0;138;0;55;163;1081
140;574;25;0;157;0;61;151;1108
139;616;20;0;152;0;-56;182;1053
121;563;27;0;159;0;-3;193;1060
106;547;34;0;173;0;-13;187;1033
120;485;17;0;177;0;14;206;1020
69;509;9;0;188;0;-27;235;984
92;462;10;0;187;0;-18;223;957
123;498;28;0;165;0;-105;189;898
111;590;10;0;157;0;-197;229;900
112;530;3;0;145;0;-142;238;886
136;635;8;0;170;0;-244;214;920
119;627;-18;0;181;0;-241;244;913
135;650;-10;0;227;0;-260;211;954
113;581;-10;0;210;0;-209;236;921
52;538;12;0;221;0;-145;233;911
24;489;5;0;217;0;-139;246;842
..;..;..;..;..;..;..;..;..
..;..;..;..;..;..;..;..;..
..;..;..;..;..;..;..;..;..
..;..;..;..;..;..;..;..;..
..;..;..;..;..;..;..;..;..
..;..;..;..;..;..;..;..;..
..;..;..;..;..;..;..;..;..
..;..;..;..;..;..;..;..;..
..;..;..;..;..;..;..;..;..
..;..;..;..;..;..;..;..;..
..;..;..;..;..;..;..;..;..
..;..;..;..;..;..;..;..;..
..;..;..;..;..;..;..;..;..
..;..;..;..;..;..;..;..;..
..;..;..;..;..;..;..;..;..
..;..;..;..;..;..;..;..;..
..;..;..;..;..;..;..;..;..
..;..;..;..;..;..;..;..;..
..;..;..;..;..;..;..;..;..
1;1745;0;0;0;0;-1266;3;483
1;1901;0;0;0;0;-1363;8;547
1;1998;0;0;17;0;-1404;8;621
1;2247;0;0;50;0;-1545;8;761
1;2382;0;0;52;0;-1519;8;925
0;2199;0;0;53;0;-1472;8;789
0;2366;0;0;52;0;-1604;8;824
0;2370;0;0;52;0;-1506;8;925
0;2221;0;0;60;0;-1454;8;836
0;1898;0;0;48;0;-1193;8;760
0;1786;0;0;47;0;-1060;8;782
0;1743;0;0;74;0;-942;16;892
0;1736;0;0;121;0;-988;16;886
0;1992;0;0;184;0;-1123;17;1071
0;2363;0;0;220;0;-1314;17;1286
0;2496;0;0;210;0;-1843;17;880
0;2439;0;0;226;0;-1737;16;945
0;2465;0;0;242;0;-1853;17;872
0;2470;0;0;248;0;-1732;18;1005
0;1986;0;0;251;0;-1196;18;1059
0;1878;0;0;272;0;-1191;25;984
0;1932;0;0;275;0;-1365;25;867
1;2145;0;0;298;0;-1448;25;1020
11;1937;0;0;335;0;-1204;28;1108
17;1957;0;0;352;0;-1139;29;1214
17;2038;0;0;358;0;-1113;29;1328
18;2184;0;0;367;0;-1240;31;1360
38;2400;0;0;369;0;-1337;30;1500
20;2370;0;0;377;0;-1404;29;1392
19;2247;0;0;382;0;-1237;30;1441
20;..;..;..;434;..;..;..;..
337;236;9;0;55;0;-53;14;597
342;258;8;0;60;0;-61;14;621
333;284;10;0;65;3;-59;13;650
332;299;11;0;80;5;-62;15;680
331;323;9;0;91;2;-69;15;702
328;344;8;0;101;5;-73;15;728
336;358;9;0;114;1;-69;16;766
355;372;10;0;128;0;-77;16;804
349;374;12;0;132;23;-85;14;820
343;407;12;0;97;49;-94;16;831
334;377;14;0;101;56;-82;14;813
340;335;14;0;105;64;-76;13;795
340;337;18;0;108;67;-80;12;803
362;333;18;0;123;79;-81;11;844
359;335;15;0;126;102;-83;14;868
331;340;12;0;135;128;-92;12;865
348;346;17;0;143;126;-101;13;891
363;337;21;0;140;125;-97;13;903
348;333;20;0;159;133;-104;13;902
328;259;19;0;213;131;-71;14;893
291;211;16;0;189;128;-45;11;801
257;182;12;0;208;121;-36;12;758
256;178;5;0;206;125;-56;29;744
229;200;2;0;197;137;-69;35;730
226;215;5;0;218;125;-74;30;744
223;218;13;0;230;123;-80;30;757
213;221;15;0;234;121;-75;30;758
196;226;5;0;237;124;-83;29;735
191;225;2;0;240;143;-95;33;739
179;226;-10;0;242;180;-108;34;743
185;242;-13;0;258;189;-117;34;779
179;247;-15;0;246;198;-103;33;784
192;246;-8;0;237;197;-112;28;780
189;249;-7;0;230;188;-114;32;768
177;238;-12;0;246;196;-93;36;788
187;242;-8;0;225;199;-101;37;780
168;258;6;0;213;169;-109;42;747
168;253;2;0;216;184;-98;41;767
162;247;5;0;185;156;-104;49;701
163;238;4;0;210;161;-86;57;747
155;260;3;0;194;170;-112;56;726
146;234;1;0;183;171;-96;59;698
144;252;0;0;191;174;-116;64;710
143;229;4;0;158;171;-103;66;668
137;259;9;0;162;167;-122;74;686
135;250;10;0;163;163;-105;74;691
141;243;11;0;173;167;-82;75;728
140;236;13;0;171;164;-72;74;725
114;221;6;0;171;169;-67;99;714
91;242;1;0;171;170;-98;94;671
..;..;..;..;..;..;..;..;..
..;..;..;..;..;..;..;..;..
..;..;..;..;..;..;..;..;..
..;..;..;..;..;..;..;..;..
..;..;..;..;..;..;..;..;..
..;..;..;..;..;..;..;..;..
..;..;..;..;..;..;..;..;..
..;..;..;..;..;..;..;..;..
..;..;..;..;..;..;..;..;..
..;..;..;..;..;..;..;..;..
..;..;..;..;..;..;..;..;..
..;..;..;..;..;..;..;..;..
..;..;..;..;..;..;..;..;..
..;..;..;..;..;..;..;..;..
..;..;..;..;..;..;..;..;..
..;..;..;..;..;..;..;..;..
..;..;..;..;..;..;..;..;..
..;..;..;..;..;..;..;..;..
..;..;..;..;..;..;..;..;..
66;25;-4;0;32;50;48;22;239
60;27;-7;0;30;54;45;24;233
63;25;-7;0;26;43;42;23;216
60;25;-5;0;26;43;56;22;226
56;17;-7;0;26;50;70;23;236
58;27;-6;0;31;52;70;23;254
53;23;-6;0;31;51;89;24;265
59;26;-6;0;33;55;86;22;275
60;11;-7;0;34;55;93;23;270
55;14;-5;0;36;51;95;23;269
55;7;-5;0;35;52;92;38;273
60;0;-6;0;36;57;103;41;291
66;0;-4;0;34;60;100;35;291
62;0;1;0;38;57;101;36;296
64;0;-3;0;38;60;105;40;304
64;0;-1;0;39;64;106;43;315
66;0;0;0;38;61;110;40;314
67;0;1;0;38;62;107;42;317
64;0;-6;0;37;68;125;46;334
60;0;-11;0;35;63;107;47;300
61;0;-8;0;36;62;108;49;308
61;0;-5;0;31;68;107;46;308
58;0;-4;0;30;60;104;47;295
57;0;-5;0;29;58;98;51;288
44;0;-10;0;26;69;97;53;279
45;0;0;0;28;62;95;47;276
48;0;-4;0;30;62;100;49;285
48;0;-2;0;31;69;101;47;293
47;0;-2;0;30;63;101;49;289
44;0;-1;0;31;64;98;49;285
44;0;-7;0;31;69;79;52;268
..;..;..;..;..;..;..;..;..
..;..;..;..;..;..;..;..;..
..;..;..;..;..;..;..;..;..
..;..;..;..;..;..;..;..;..
..;..;..;..;..;..;..;..;..
..;..;..;..;..;..;..;..;..
..;..;..;..;..;..;..;..;..
..;..;..;..;..;..;..;..;..
..;..;..;..;..;..;..;..;..
..;..;..;..;..;..;..;..;..
..;..;..;..;..;..;..;..;..
..;..;..;..;..;..;..;..;..
..;..;..;..;..;..;..;..;..
..;..;..;..;..;..;..;..;..
..;..;..;..;..;..;..;..;..
..;..;..;..;..;..;..;..;..
..;..;..;..;..;..;..;..;..
..;..;..;..;..;..;..;..;..
..;..;..;..;..;..;..;..;..
2786;474;-5;0;63;92;-94;440;3756
2937;414;-6;0;64;100;-101;452;3860
2716;464;-5;0;64;101;-116;455;3679
3050;491;-9;0;72;79;-221;461;3922
3142;577;-9;0;72;106;-250;473;4110
3270;679;-10;0;72;123;-279;481;4335
3312;682;45;0;65;128;-261;492;4463
3407;886;46;0;58;138;-488;502;4550
3351;795;45;0;49;148;-260;510;4637
3433;717;43;0;64;140;-341;509;4565
3424;829;44;0;59;142;-379;451;4570
3422;740;8;0;76;117;-385;437;4415
3294;760;8;0;75;131;-493;413;4189
3639;862;-7;0;45;138;-367;407;4717
3940;797;-12;0;116;146;-251;405;5140
3849;834;-8;0;116;123;-340;370;4943
3919;734;-11;0;112;109;-186;363;5041
4040;780;-11;0;144;123;52;363;5491
4418;851;-13;0;149;142;-8;411;5950
4340;1002;-6;0;129;140;19;406;6029
4213;745;-9;0;162;132;-6;391;5629
4127;866;-11;0;161;147;61;381;5732
4069;771;-18;0;169;130;-1;363;5484
4017;771;-16;0;172;154;-8;348;5437
4275;846;-10;0;164;150;-9;345;5762
3965;750;-6;0;180;133;17;354;5393
4132;874;-22;0;183;164;-41;358;5649
4130;737;-24;0;177;155;138;377;5690
4146;759;-17;0;167;126;83;376;5640
4250;866;-19;0;167;145;73;386;5867
3929;..;..;..;164;..;..;..;..
375;1502;-9;0;15;28;-241;115;1784
382;1603;-7;0;30;52;-311;128;1877
377;1838;-7;0;40;71;-263;105;2159
366;1919;-4;0;38;79;-169;111;2340
408;1871;-2;0;37;82;-84;95;2407
394;2177;-3;0;48;82;-191;77;2584
425;2038;-3;0;46;71;-183;146;2539
396;2150;-6;0;50;83;-110;148;2712
451;2079;-5;0;58;73;-71;169;2754
520;2107;-5;0;61;57;-24;118;2834
642;2009;-5;0;71;104;-36;92;2877
714;1913;-11;0;77;96;-99;109;2800
751;1950;0;0;83;116;-165;112;2847
763;1917;8;0;79;252;-240;130;2910
817;1956;-4;0;90;306;-328;131;2969
804;2128;-5;0;96;409;-516;114;3030
782;2032;-6;0;109;450;-382;119;3104
662;2200;-5;0;140;551;-344;148;3353
824;2237;-7;0;187;612;-385;220;3689
807;2298;-2;0;208;592;-394;263;3772
840;2354;-2;0;234;606;-378;259;3913
857;2399;2;0;245;609;-344;217;3985
770;2280;5;0;240;612;-322;237;3823
794;2391;7;0;264;603;-278;253;4034
795;2392;16;0;323;605;-152;239;4220
672;2336;4;0;362;615;-133;302;4157
767;2412;-11;0;473;603;-115;289;4419
732;2594;12;0;486;644;-121;294;4642
821;2548;21;0;556;642;15;263;4867
877;2462;16;0;637;679;117;293;5081
803;2437;12;0;687;695;233;347;5215
905;2438;19;0;785;687;244;293;5371
843;2441;5;0;894;675;309;390;5556
879;2533;-11;0;1054;694;275;374;5798
861;2551;-5;0;1250;628;277;360;5921
761;2584;-12;0;1308;656;225;394;5916
834;2501;-21;0;1331;601;323;432;6001
578;2551;-40;0;1462;643;151;456;5801
432;2405;-29;0;1307;576;103;540;5334
325;2386;-30;0;1303;676;30;638;5328
522;2368;-22;0;1211;630;-92;630;5247
638;2578;-40;0;1196;671;-489;684;5237
464;2549;-24;0;1095;619;-569;752;4885
479;2566;-12;0;991;625;-625;753;4777
559;2761;0;0;1027;624;-722;707;4956
441;2723;28;0;1048;640;-624;742;4998
536;2769;33;0;1142;633;-556;701;5258
471;2859;40;0;1134;608;-643;765;5234
204;2762;25;0;1294;637;-605;768;5083
116;2373;12;0;1169;636;-549;798;4554
72;487;6;0;0;1;635;308;1509
62;480;5;0;0;16;663;314;1540
68;449;3;0;0;23;719;364;1626
75;431;11;0;0;22;647;354;1541
81;483;3;0;0;131;579;357;1634
78;612;8;0;0;174;557;345;1773
62;628;-7;0;0;217;512;334;1746
63;620;-4;0;0;259;436;363;1738
75;671;5;0;0;230;451;385;1816
71;709;2;0;0;289;239;385;1695
61;605;-10;0;0;411;313;394;1776
68;534;12;0;0;426;288;372;1700
86;595;18;0;0;447;153;425;1723
104;585;1;0;0;556;117;459;1821
122;605;-5;0;3;639;132;481;1977
129;668;-17;0;9;763;62;446;2060
126;671;-15;0;11;735;9;489;2026
124;651;-9;0;15;757;44;486;2068
117;715;-2;0;20;716;-66;489;1989
124;717;-6;0;24;744;-118;492;1976
118;695;-5;0;26;837;-102;469;2039
111;720;-8;13;29;693;-129;518;1949
114;758;-2;14;32;670;-173;535;1947
123;748;1;13;32;798;-122;489;2081
121;755;-6;13;32;763;-117;547;2107
127;805;22;13;34;810;-161;506;2156
110;842;-10;11;33;763;-225;581;2105
106;831;-39;15;33;803;-209;603;2143
102;813;-27;15;33;798;-205;576;2105
103;852;17;15;32;625;-284;637;1997
115;813;-26;15;37;787;-235;617;2124
119;789;19;16;37;743;-119;573;2177
112;837;46;13;37;735;-197;546;2129
123;874;-8;14;37;845;-252;577;2211
110;835;-27;12;35;790;-237;641;2159
113;833;22;12;37;731;-268;626;2103
112;750;5;12;38;731;-209;654;2093
102;872;-7;12;35;697;-306;674;2078
81;818;17;11;46;569;-322;684;1904
104;827;7;11;61;631;-244;739;2137
104;789;-26;11;49;660;-214;717;2090
92;870;-70;12;42;699;-342;809;2111
93;700;-36;9;40;725;-202;753;2082
88;771;-56;10;33;708;-284;761;2030
89;783;-81;10;30;615;-413;844;1877
86;792;-42;10;34;688;-366;817;2019
86;786;-68;9;39;717;-367;875;2075
92;849;-62;9;42;748;-392;831;2117
83;658;-94;9;39;721;-243;878;2053
66;706;-90;8;52;534;-290;911;1898
19;231;-4;0;2;15;316;106;686
15;233;-2;0;4;42;325;97;715
14;267;-13;0;6;69;337;111;792
12;258;-12;0;13;77;282;108;739
9;203;-35;0;22;85;307;129;719
8;212;-7;0;23;87;319;102;744
9;199;-37;0;26;89;334;137;757
9;185;-19;0;28;92;362;131;788
9;200;-25;0;32;129;325;133;802
14;199;-29;0;36;157;325;138;839
20;174;-39;0;39;168;308;152;823
18;175;-39;0;41;166;279;158;799
16;186;-33;0;45;172;312;155;853
21;182;-17;0;51;202;297;138;874
21;181;-31;0;53;247;306;147;924
18;186;-31;0;54;247;337;153;965
17;180;-34;0;58;252;308;159;940
15;173;-35;0;59;249;324;164;949
15;133;-9;0;64;250;334;142;929
15;133;-8;0;68;259;380;169;1017
13;203;-10;0;77;251;315;183;1032
9;185;-15;0;81;257;336;186;1038
7;207;-26;0;85;256;285;197;1011
7;211;-43;0;83;267;287;207;1020
8;202;-26;0;92;273;262;194;1004
6;229;-3;0;100;275;243;175;1024
5;215;-24;0;96;278;283;190;1043
4;219;-21;0;99;283;281;191;1055
4;221;-37;0;102;283;265;219;1057
6;201;-25;0;102;290;260;209;1043
6;212;-38;0;106;294;299;228;1107
6;211;-16;0;104;298;270;207;1079
6;199;-11;0;110;301;270;208;1083
5;226;-3;0;113;295;245;205;1087
6;211;23;0;117;256;269;199;1080
6;239;10;0;113;305;252;203;1128
7;206;-7;0;110;306;232;218;1072
7;221;-4;0;118;303;244;226;1113
6;210;-8;0;113;303;272;224;1121
6;196;2;0;126;289;237;231;1087
6;192;9;0;112;293;226;215;1052
5;149;-8;0;123;279;269;244;1062
5;213;-9;0;129;285;236;248;1107
6;214;-20;0;112;302;179;244;1037
5;124;-4;0;119;253;266;249;1013
5;130;14;0;125;232;236;244;987
5;125;20;0;126;224;246;247;992
4;133;-6;0;120;280;218;250;998
4;120;-23;0;123;290;244;266;1023
4;124;-20;0;119;264;213;267;970
..;..;..;..;..;..;..;..;..
..;..;..;..;..;..;..;..;..
..;..;..;..;..;..;..;..;..
..;..;..;..;..;..;..;..;..
..;..;..;..;..;..;..;..;..
..;..;..;..;..;..;..;..;..
..;..;..;..;..;..;..;..;..
..;..;..;..;..;..;..;..;..
..;..;..;..;..;..;..;..;..
..;..;..;..;..;..;..;..;..
..;..;..;..;..;..;..;..;..
..;..;..;..;..;..;..;..;..
..;..;..;..;..;..;..;..;..
..;..;..;..;..;..;..;..;..
..;..;..;..;..;..;..;..;..
..;..;..;..;..;..;..;..;..
..;..;..;..;..;..;..;..;..
..;..;..;..;..;..;..;..;..
..;..;..;..;..;..;..;..;..
160;531;2;0;209;0;230;643;1775
190;551;2;0;259;0;247;674;1923
203;679;2;0;277;0;206;682;2049
220;800;2;0;311;0;215;613;2161
248;989;3;0;346;0;208;595;2389
288;1091;2;0;365;0;236;621;2604
360;1463;3;0;428;0;18;640;2912
361;1667;2;0;524;0;-211;623;2966
293;1564;5;0;572;0;-241;588;2781
309;1682;7;0;623;0;-274;622;2971
321;1669;10;0;727;0;-319;633;3042
370;1711;9;0;849;0;-387;576;3129
385;1891;9;0;917;0;-355;613;3461
404;2052;8;0;974;0;-355;663;3746
448;2231;11;0;1021;0;-375;713;4048
482;2205;14;0;1086;0;-357;740;4169
523;2271;16;0;1118;0;-441;764;4251
589;2277;13;0;1186;0;-472;818;4410
645;2288;6;0;1297;0;-589;874;4521
625;2382;3;0;1211;0;-612;893;4503
685;2455;20;0;1380;0;-573;967;4935
685;2479;33;0;1290;0;-505;944;4926
690;2630;30;0;1474;0;-556;1018;5286
722;2807;41;0;1585;0;-536;1058;5676
664;2686;37;0;1584;0;-428;1103;5647
706;2904;44;0;1581;0;-639;1082;5677
645;2894;66;0;1547;0;-553;1209;5807
686;2973;84;0;1508;0;-613;1139;5777
663;2976;92;0;1487;0;-687;1127;5658
684;2717;82;0;1534;0;-412;1199;5803
728;..;..;..;1449;..;..;..;..
181;382;0;0;0;0;2;254;818
213;471;0;0;0;0;-35;275;924
216;556;0;0;0;0;-33;282;1020
234;555;0;0;0;0;-23;289;1055
241;559;0;0;0;0;11;309;1120
262;578;1;0;0;0;52;327;1219
276;623;2;0;0;0;102;335;1337
261;562;2;0;0;0;158;348;1332
274;477;4;0;0;0;147;364;1266
293;552;5;0;0;0;102;365;1317
300;584;6;0;0;0;67;371;1328
334;700;6;0;1;0;-16;386;1411
370;696;8;0;2;0;35;382;1494
420;772;10;0;1;0;-38;389;1554
505;776;8;0;2;0;-23;378;1646
560;828;3;0;16;0;-21;388;1773
590;992;2;0;25;0;-56;414;1967
574;1034;1;0;42;0;-125;453;1980
630;916;2;0;111;0;-17;414;2056
652;988;-3;0;120;0;-8;404;2154
674;909;1;0;146;0;-17;403;2118
689;937;0;0;160;0;9;419;2213
646;1041;-1;0;178;0;51;445;2359
646;1035;-2;0;189;0;28;435;2330
669;1130;-3;0;242;0;61;451;2550
772;1097;0;0;293;0;152;470;2783
856;1119;8;0;349;0;118;470;2920
884;1146;11;0;375;0;69;481;2965
814;1077;7;0;443;0;131;448;2920
956;999;12;0;529;0;274;424;3194
790;1063;15;0;560;0;121;393;2942
820;1089;11;0;617;0;149;421;3108
924;1101;2;0;742;0;105;420;3294
931;1080;-2;0;783;0;136;452;3379
937;1072;-4;0;954;0;131;426;3517
1108;1102;-6;0;1087;0;170;435;3897
1243;1067;-6;0;1274;0;219;404;4200
1229;987;-1;0;1264;0;251;391;4121
1271;688;-3;0;1211;0;531;417;4114
1307;873;-3;0;1314;0;446;489;4426
1368;918;3;0;1540;0;410;472;4711
1449;938;10;0;1560;0;465;511;4933
1268;918;22;0;1572;0;484;553;4817
1400;867;19;0;1683;0;507;511;4986
1445;1163;14;0;1649;0;457;665;5393
1605;1184;18;0;1602;0;579;736;5724
1678;1224;-2;0;1852;0;633;762;6147
1710;1043;-2;0;1717;0;713;857;6037
1754;1492;-2;0;1551;0;303;1035;6134
1678;1428;-2;0;1654;0;346;1055;6159
3518;4519;0;0;687;301;-300;12;8737
2959;4593;2;0;975;320;-61;12;8801
3200;4855;0;0;1051;305;-296;14;9130
2850;4708;0;0;1258;367;-404;15;8793
2891;3985;0;0;1317;331;-191;14;8347
2939;4206;0;0;1402;394;-441;13;8513
2964;4020;0;0;1490;437;-230;14;8695
2819;4138;0;0;1545;406;-275;14;8648
3108;4175;0;0;1693;418;-321;15;9088
2880;3690;0;0;1688;404;-368;14;8308
2896;3254;0;0;1711;414;-235;16;8056
2702;3254;0;0;1703;480;-145;16;8010
2706;3263;0;0;1775;545;-339;16;7966
1973;3375;0;0;1820;589;195;14;7965
2600;3468;0;0;1953;666;-295;15;8407
2748;3518;15;0;1978;644;-382;17;8538
2856;3531;42;0;2039;603;-478;15;8608
2759;3759;46;0;1935;692;-526;18;8683
2604;3852;45;0;1915;783;-578;45;8666
2642;3804;43;0;1976;717;-607;46;8622
2658;4045;59;0;2130;770;-792;45;8915
2493;4118;60;0;2123;838;-809;60;8883
2192;4283;60;0;2419;975;-1016;60;8974
2083;4271;61;0;2521;963;-934;80;9046
1978;4211;59;0;2726;971;-969;84;9060
1859;4322;60;0;3180;1033;-1086;81;9450
1680;4300;60;0;3191;1071;-1209;89;9182
1633;4143;46;0;3323;1085;-1051;96;9275
1458;3925;51;0;3525;1038;-796;97;9298
1530;3873;51;0;3659;928;-807;103;9336
1622;3608;37;0;3628;983;-628;121;9370
1565;3746;30;0;3595;958;-794;137;9238
1682;3771;8;0;3596;967;-770;146;9400
1555;4065;27;0;3674;873;-1069;163;9287
1587;3880;30;0;3579;890;-827;191;9330
1727;3721;27;0;3394;823;-717;199;9174
1628;3638;19;0;3432;688;-777;214;8841
1521;3631;40;0;3555;573;-842;267;8743
1249;3383;10;0;3270;754;-742;298;8221
1297;3293;10;0;3551;678;-628;327;8527
1286;3337;22;0;2945;753;-808;371;7906
1631;3195;43;0;2779;768;-701;401;8117
1560;2884;52;0;2754;770;-494;472;7999
1262;2710;74;0;2510;695;-269;553;7535
1001;2710;76;0;2591;767;-189;654;7610
506;2658;64;0;2895;782;-94;700;7511
410;2681;53;0;2817;767;-100;763;7392
340;2565;69;0;2850;710;-26;857;7366
243;2551;76;0;2798;613;-69;933;7145
219;2106;64;0;2671;548;-39;981;6551
11697;26902;13;0;21649;442;3327;2440;66470
12115;28220;28;0;21855;631;4368;2575;69791
13023;29708;51;0;21548;973;4518;2614;72435
13065;28900;46;0;20900;1323;3822;2770;70825
12833;30955;22;0;19152;2002;1518;2754;69236
14289;32910;33;0;19646;2210;1936;2929;73953
14359;35751;62;0;18948;2901;1559;2826;76406
14940;35967;70;0;19247;3196;1998;3226;78644
15364;35935;105;0;19976;2951;761;3375;78468
15752;33099;96;0;19968;2904;267;3478;75564
16173;30921;118;0;19384;3153;263;3464;73477
15510;29574;106;0;18011;3270;307;3635;70413
16238;29096;127;0;17087;3396;624;3907;70476
17139;29992;143;0;17677;3789;529;4225;73494
17810;29798;147;0;17243;4437;744;4104;74283
17267;31370;129;0;16245;4788;127;4236;74162
18278;31670;167;0;17136;5265;482;4328;77324
19000;32363;114;0;17807;6094;809;4175;80363
19227;32652;40;0;18590;6122;550;4362;81542
19241;32805;7;0;18353;6672;-1118;4194;80155
19026;32400;80;0;19201;7084;-1376;4398;80814
19304;32933;102;0;19578;7156;-1273;4635;82434
19769;33919;102;0;20132;7058;-1584;4485;83882
19883;34198;161;0;20543;7406;-1229;4472;85434
19811;34318;135;0;21246;7787;-1428;4654;86522
20541;35198;137;0;21067;7802;-1180;4880;88445
21131;36325;123;0;21225;7269;-1454;4711;89330
21221;36560;96;0;20882;7790;-1111;4652;90091
21392;36311;104;0;21951;8420;-282;4633;92529
22317;37139;122;0;22933;8702;-666;4613;95160
21979;37523;79;0;21540;8647;-441;4025;93352
22294;37003;82;0;22384;8777;-251;4128;94417
22236;37781;23;0;21728;8594;-99;4372;94635
23089;38598;41;0;21341;8873;151;4492;96584
23332;38167;89;0;21236;8844;735;4639;97044
23009;38432;66;0;21024;8904;-163;4851;96123
23180;38154;113;0;22728;9127;-317;4835;97818
22804;37304;118;0;22653;9140;-1796;5072;95295
20274;36046;123;0;22421;9057;-2509;5181;90593
20997;36696;94;0;23282;9152;-2929;5479;92770
20012;36715;134;0;23813;8961;-4015;5891;91512
17738;36681;170;0;24908;8740;-4364;6005;89877
18095;36733;207;0;25395;8967;-4344;6407;91461
18072;38121;192;0;26276;9061;-5754;6589;92557
15660;39085;240;0;27068;9058;-6029;6461;91543
14301;39447;239;0;27335;9163;-6609;6687;90563
13848;40577;203;0;26960;9151;-7490;6986;90235
13426;41485;160;0;29055;9178;-7919;7404;92789
11510;41098;141;0;31079;9200;-7902;7518;92644
9407;36446;170;0;29780;8980;-7041;7425;85167
60176;104115;5;0;37386;1212;-2064;29335;230164
60572;110259;-5;0;39431;1663;-586;30080;241414
62643;120055;-7;0;40892;2221;-2053;30670;254421
62890;118835;-5;0;41995;2977;-2467;31711;255937
64219;116563;-21;0;41826;4174;-1202;32248;257808
66868;124502;-14;0;44294;4778;-1327;32840;271942
68857;130433;-11;0;45315;5820;-2336;33581;281659
70872;132972;-2;0;47388;6803;-60;34600;292574
73751;136660;13;0;50399;7057;-2060;35615;301435
74642;131998;28;0;51555;7758;-1982;36428;300428
75440;125696;2;0;51946;9154;-1420;37179;297997
76476;122901;-11;0;52134;9895;-1289;38083;298188
78150;121447;-4;0;53098;11242;-1543;39126;301515
81072;124023;-15;0;56892;13642;-2708;40521;313428
83997;122910;-12;0;59004;16209;-1364;41282;322026
84653;127758;-15;0;59916;17414;-2987;42021;328760
87939;130517;-12;0;63249;18900;-2607;43070;341055
90613;134819;-5;0;65959;20533;-2749;43776;352947
90478;137302;-9;0;68628;21074;-3091;44557;358940
92963;137707;10;4;69598;22002;-2381;45925;365829
90456;137704;-1;4;71982;23015;-1849;46815;368125
88850;138532;10;18;72046;23201;-1915;47646;368388
89193;140530;-37;16;73361;23923;-3079;48266;372173
89952;142124;-4;16;73333;24485;-3810;48953;375049
92346;143641;-7;17;75495;25460;-2502;50091;384540
93862;148435;69;18;78181;26392;-3626;50940;394271
93134;152946;50;16;79041;26127;-4492;51501;398323
92805;152876;45;20;79745;26694;-3828;52033;400391
93193;153851;36;24;83338;27632;-1613;52820;409280
96876;157144;36;29;86550;28280;-3549;53425;418792
98353;158636;22;29;87124;28797;-3585;53039;422415
101796;159420;39;32;89906;29049;-2524;53918;431635
109552;163706;-8;30;93279;28771;-3330;55013;447014
118301;169695;-7;31;95829;29892;-3417;56687;467010
125224;171547;-13;37;98640;30216;-3587;58173;480237
132762;173134;-4;35;101057;30475;-3077;59815;494197
139798;173911;3;47;105447;29693;-2428;61090;507560
141686;174462;-6;39;108273;29843;-3464;62717;513551
141584;171666;10;38;106060;29437;-4108;63564;508251
152992;174838;-8;53;114448;30091;-2098;66155;536471
160104;176252;-5;50;116516;28197;-3416;67152;544849
161436;179094;12;50;118778;26863;-4500;69759;551493
163435;179093;49;96;121232;27071;-3790;72351;559537
165481;183078;52;89;121276;27687;-4654;73942;566950
160976;186751;66;86;122499;28063;-5486;75366;568322
156118;188744;22;90;126629;28482;-4732;77475;572827
158759;191672;-18;89;129919;28783;-4339;80173;585039
162328;192740;25;89;137252;29581;-5348;83015;599683
162376;190851;-17;96;140784;30461;-3486;85425;606490
157548;..;..;..;138641;..;..;..;..
